symbol	overallAssociationScore	geneticAssociations	somaticMutations	drugs	pathwaysSystemsBiology	textMining	rnaExpression	animalModels	targetName
ADRB2	0.6798211629446234	No data	No data	0.9990848276215727	0.8052120724080466	0.8333034948802764	No data	No data	adrenoceptor beta 2
CHRM3	0.707046808390431	0.49190115984955285	No data	0.998899440652846	0.7098525922470418	0.13818606439521208	No data	No data	cholinergic receptor muscarinic 3
NR3C1	0.7144187576364792	0.5073176798253137	No data	0.9984876985193197	0.607930797611621	0.8691521912218312	No data	0.6511442766525414	nuclear receptor subfamily 3 group C member 1
TUBB4B	0.6843263323368093	No data	No data	0.9960855524758343	0.6701930029382914	No data	No data	No data	tubulin beta 4B class IVb
TUBB	0.6283878077170797	0.11529217759110483	No data	0.9960855524758343	No data	0.3933734123537556	No data	No data	tubulin beta class I
TUBB2A	0.663462194413724	No data	No data	0.9960855524758343	0.7599134970145264	0.012158615952232422	No data	No data	tubulin beta 2A class IIa
TUBB2B	0.6632979367005308	No data	No data	0.9960855524758343	0.7599134970145264	No data	No data	No data	tubulin beta 2B class IIb
TUBB8	0.6055510844060462	No data	No data	0.9960855524758343	No data	No data	No data	No data	tubulin beta 8 class VIII
TUBB1	0.6632979367005308	No data	No data	0.9960855524758343	0.7599134970145264	No data	No data	No data	tubulin beta 1 class VI
TUBB4A	0.6698744265811535	No data	No data	0.9960855524758343	0.8464561088573174	No data	No data	No data	tubulin beta 4A class IVa
TUBB3	0.6265038560451494	No data	No data	0.9960855524758343	No data	0.6893143667476737	No data	No data	tubulin beta 3 class III
TUBB6	0.6055510844060462	No data	No data	0.9960855524758343	No data	No data	No data	No data	tubulin beta 6 class V
EGFR	0.8987910598415678	0.8425528579061901	0.9279160567273529	0.995091581056594	0.9417342333554943	0.9992232013771034	No data	0.36686217243120783	epidermal growth factor receptor
CHRM1	0.6481392469056113	No data	No data	0.9894054697044754	0.607930797611621	0.03343619386863916	No data	No data	cholinergic receptor muscarinic 1
DHFR	0.6066903295458104	No data	No data	0.9869903396375267	No data	0.21938369173605135	No data	No data	dihydrofolate reductase
KDR	0.7903750580084534	No data	0.7826563120924521	0.9866416466425504	0.8430912869711078	0.8906180023205981	No data	No data	kinase insert domain receptor
TYMS	0.6792849831798046	No data	No data	0.9854506003796326	0.4445493957534979	0.9352920508659461	No data	No data	thymidylate synthetase
GART	0.6013020288327807	No data	No data	0.985434540685897	No data	0.07323276031769847	No data	No data	phosphoribosylglycinamide formyltransferase, phosphoribosylglycinamide synthetase, phosphoribosylaminoimidazole synthetase
RRM1	0.6233533504800689	No data	No data	0.9844575252493846	No data	0.8182280627387166	No data	No data	ribonucleotide reductase catalytic subunit M1
PRIM2	0.5994024491109433	No data	No data	0.9844516873063105	No data	0.030396539880581056	No data	No data	DNA primase subunit 2
POLA2	0.6555313719991354	No data	No data	0.9844516873063105	0.6990770057441904	0.29083578227405954	No data	No data	DNA polymerase alpha 2, accessory subunit
POLA1	0.5994948440746144	No data	No data	0.9844516873063105	No data	0.03343619386863916	No data	No data	DNA polymerase alpha 1, catalytic subunit
POLD2	0.5984784994742315	No data	No data	0.9844516873063105	No data	No data	No data	No data	DNA polymerase delta 2, accessory subunit
POLD4	0.5984784994742315	No data	No data	0.9844516873063105	No data	No data	No data	No data	DNA polymerase delta 4, accessory subunit
POLE	0.7336408932880166	No data	0.8429314618235775	0.9844516873063105	No data	0.23906758387794205	No data	0.387479892127707	DNA polymerase epsilon, catalytic subunit
POLD1	0.733478913721253	0.08146646116556687	0.8193134020311618	0.9844516873063105	No data	0.12522867821801384	No data	0.5014618505899059	DNA polymerase delta 1, catalytic subunit
POLE3	0.6112585708492285	No data	No data	0.9844516873063105	No data	No data	No data	0.4204449396281971	DNA polymerase epsilon 3, accessory subunit
POLD3	0.5984784994742315	No data	No data	0.9844516873063105	No data	No data	No data	No data	DNA polymerase delta 3, accessory subunit
POLE2	0.6090987872428795	No data	No data	0.9844516873063105	No data	0.3493913389606789	No data	No data	DNA polymerase epsilon 2, accessory subunit
PRIM1	0.5995872390382856	No data	No data	0.9844516873063105	No data	0.03647584785669726	No data	No data	DNA primase subunit 1
FLT4	0.7655508832162234	No data	0.7326933207403922	0.9818897101917001	0.817237838131328	0.37682464951146555	No data	No data	fms related receptor tyrosine kinase 4
PDGFRB	0.7573288162335536	No data	0.8381820024672366	0.9806765704373243	0.865457038266544	0.595630300290541	No data	No data	platelet derived growth factor receptor beta
PDE4B	0.5995233248443895	No data	No data	0.9806004766756287	No data	0.11139738055521088	No data	No data	phosphodiesterase 4B
PDE4D	0.6030270972378152	No data	No data	0.9806004766756287	No data	0.22666617125280555	No data	No data	phosphodiesterase 4D
PDE4C	0.5961372299237507	No data	No data	0.9806004766756287	No data	No data	No data	No data	phosphodiesterase 4C
PDE4A	0.6098615645177164	No data	No data	0.9806004766756287	No data	0.45150976551556676	No data	No data	phosphodiesterase 4A
ALK	0.824687443179779	No data	0.877510944845201	0.9773262102499137	0.979400228199195	0.9977648787229028	No data	No data	ALK receptor tyrosine kinase
MET	0.8042851339644986	No data	0.8378298132768137	0.9767498070750887	0.9511991578132623	0.9874384607722299	No data	0.43115971993610197	MET proto-oncogene, receptor tyrosine kinase
ERBB2	0.8317843399322027	0.8274613634158176	0.7881467918115926	0.9746226390235133	0.9596164497981319	0.969100624251327	No data	No data	erb-b2 receptor tyrosine kinase 2
ERBB4	0.7754277199920361	No data	0.8908211376497945	0.9732906463032659	0.9209458987536404	0.29703363504731506	No data	No data	erb-b2 receptor tyrosine kinase 4
FLT1	0.7074068459004033	0.5501720278270892	No data	0.9712841832714643	0.8612923184366469	0.5563025948346185	No data	No data	fms related receptor tyrosine kinase 1
EML4	0.7764302483508368	0.44235637985691456	0.7986142263619023	0.9708381380421762	No data	0.9516261408512091	No data	No data	EMAP like 4
PDGFRA	0.7620586380314966	No data	0.6803895256982266	0.9679518472174202	0.865457038266544	0.3717668024425237	No data	0.40101648455452577	platelet derived growth factor receptor alpha
DPEP1	0.5896982574591637	No data	No data	0.9679454374536409	No data	0.04126836897786887	No data	No data	dipeptidase 1
OPRM1	0.6049297952855439	No data	No data	0.9655200839695139	No data	0.5908699015900807	No data	No data	opioid receptor mu 1
PDCD1	0.6207523340821823	No data	No data	0.9642241604946928	No data	0.9427137105181833	No data	0.4378773552497104	programmed cell death 1
FGFR1	0.7665749827883374	No data	0.8497858088110102	0.9640874767944608	0.9159784751575287	0.9526437858178384	No data	No data	fibroblast growth factor receptor 1
FGFR3	0.7599631124319112	No data	0.6264842965206413	0.964004898616571	0.8892459778378704	0.4133889545931581	No data	No data	fibroblast growth factor receptor 3
FGFR2	0.8082818100981484	0.70259028698973	0.7600467911608864	0.963616243054136	0.9131006962339235	0.3269510425778211	No data	0.29290105828927904	fibroblast growth factor receptor 2
FGFR4	0.7280302879351175	No data	0.6867270207705914	0.9633981292360846	0.9513974960387728	0.7695392944000746	No data	No data	fibroblast growth factor receptor 4
TOP1MT	0.5863418191419254	No data	No data	0.9625119946432119	No data	0.03951550184475537	No data	No data	DNA topoisomerase I mitochondrial
CD274	0.701989222743619	No data	0.6612513946521403	0.9622585850363974	No data	0.9956511820616439	No data	0.4017561336916199	CD274 molecule
KIT	0.7325504708494288	No data	0.5983538197574093	0.9594284663407855	0.9016496011236338	0.8620634495322402	No data	0.28578826795722306	KIT proto-oncogene, receptor tyrosine kinase
GABRG2	0.6315456948579178	No data	No data	0.9570810760846069	0.6487052645531415	0.030396539880581056	No data	No data	gamma-aminobutyric acid type A receptor subunit gamma2
GABRA2	0.6311350505749348	No data	No data	0.9570810760846069	0.6487052645531415	No data	No data	No data	gamma-aminobutyric acid type A receptor subunit alpha2
GABRG3	0.6311350505749348	No data	No data	0.9570810760846069	0.6487052645531415	No data	No data	No data	gamma-aminobutyric acid type A receptor subunit gamma3
GABRG1	0.5818390619631036	No data	No data	0.9570810760846069	No data	No data	No data	No data	gamma-aminobutyric acid type A receptor subunit gamma1
GABRA1	0.6311350505749348	No data	No data	0.9570810760846069	0.6487052645531415	No data	No data	No data	gamma-aminobutyric acid type A receptor subunit alpha1
GABRA5	0.6315456948579178	No data	No data	0.9570810760846069	0.6487052645531415	0.030396539880581056	No data	No data	gamma-aminobutyric acid type A receptor subunit alpha5
GABRA3	0.6373179846623822	No data	No data	0.9570810760846069	0.6487052645531415	0.4576705688019487	No data	No data	gamma-aminobutyric acid type A receptor subunit alpha3
TOP2A	0.6081869179635097	No data	No data	0.9556763035963931	No data	0.8948998986890182	No data	No data	DNA topoisomerase II alpha
MMP1	0.6578161568502295	0.18237923928348632	No data	0.9524511311030144	0.7890029113603847	0.8573418443201563	No data	No data	matrix metallopeptidase 1
MMP7	0.6464332631350579	No data	No data	0.9524511311030144	0.7479085082402136	0.7827271893621075	No data	No data	matrix metallopeptidase 7
MMP8	0.645441149982838	No data	No data	0.9487042462989873	0.7479085082402136	0.8778992194905423	No data	No data	matrix metallopeptidase 8
MMP13	0.5923038751722931	No data	No data	0.9487042462989873	No data	0.511813057780199	No data	No data	matrix metallopeptidase 13
HMGCR	0.5813003386085159	No data	No data	0.9475156888395467	No data	0.17358456467397235	No data	No data	3-hydroxy-3-methylglutaryl-CoA reductase
RET	0.755450632603665	No data	0.7651312825007166	0.9449243941802711	0.9066612367713315	0.9344439190857967	No data	No data	ret proto-oncogene
CA4	0.6020406458197147	No data	No data	0.942653955067614	0.3623516426636919	0.10634567216553287	No data	No data	carbonic anhydrase 4
CA2	0.5761302310544733	No data	No data	0.942653955067614	No data	0.1007305532306845	No data	No data	carbonic anhydrase 2
CA12	0.5781405850560349	No data	No data	0.942653955067614	No data	0.16686814683376622	No data	No data	carbonic anhydrase 12
CA1	0.5789829222717785	No data	No data	0.942653955067614	No data	0.1945797620061783	No data	No data	carbonic anhydrase 1
GABRB1	0.6223018030165023	No data	No data	0.9425510545868713	0.6487052645531415	No data	No data	No data	gamma-aminobutyric acid type A receptor subunit beta1
GABRB2	0.6227124472994853	No data	No data	0.9425510545868713	0.6487052645531415	0.030396539880581056	No data	No data	gamma-aminobutyric acid type A receptor subunit beta2
GABRA6	0.6223018030165023	No data	No data	0.9425510545868713	0.6487052645531415	No data	No data	No data	gamma-aminobutyric acid type A receptor subunit alpha6
GABRE	0.5753156884964507	No data	No data	0.9425510545868713	No data	0.07599134970145263	No data	No data	gamma-aminobutyric acid type A receptor subunit epsilon
GABRA4	0.6223018030165023	No data	No data	0.9425510545868713	0.6487052645531415	No data	No data	No data	gamma-aminobutyric acid type A receptor subunit alpha4
GABRB3	0.6224660607296955	No data	No data	0.9425510545868713	0.6487052645531415	0.012158615952232422	No data	No data	gamma-aminobutyric acid type A receptor subunit beta3
GABRQ	0.6227124472994853	No data	No data	0.9425510545868713	0.6487052645531415	0.030396539880581056	No data	No data	gamma-aminobutyric acid type A receptor subunit theta
GABRD	0.5739297640413831	No data	No data	0.9425510545868713	No data	0.030396539880581056	No data	No data	gamma-aminobutyric acid type A receptor subunit delta
GABRP	0.5733753942593559	No data	No data	0.9425510545868713	No data	0.012158615952232422	No data	No data	gamma-aminobutyric acid type A receptor subunit pi
VEGFA	0.6076290858116826	No data	No data	0.9420056987174831	No data	0.9878520410541628	No data	0.3647432802970324	vascular endothelial growth factor A
PDE3A	0.5754058233896426	No data	No data	0.9361067374854966	No data	0.20784299283052166	No data	No data	phosphodiesterase 3A
PDE3B	0.6268925008387187	No data	No data	0.9356816315554538	0.7599134970145264	0.023388448741447087	No data	No data	phosphodiesterase 3B
ADRB1	0.6076244402043405	No data	No data	0.9343788461185466	0.4076871785416826	0.6370344851145602	No data	No data	adrenoceptor beta 1
ADRA2C	0.6194537304703992	No data	No data	0.9302227755497766	0.7098525922470418	No data	No data	No data	adrenoceptor alpha 2C
ADRA2A	0.6117085557320594	No data	No data	0.9302227755497766	0.607930797611621	No data	No data	No data	adrenoceptor alpha 2A
ADRA2B	0.6280515086779327	No data	No data	0.9302227755497766	0.7098525922470418	No data	No data	0.6364211532941305	adrenoceptor alpha 2B
ADORA2A	0.5940179808558766	No data	No data	0.9292032903615545	No data	0.7585106904046595	No data	0.4493541599254548	adenosine A2a receptor
ADORA2B	0.5758947049507435	No data	No data	0.9285317347771138	No data	0.3754265079125288	No data	No data	adenosine A2b receptor
NPM1	0.703233838598963	0.12323153993440666	0.6893009908072479	0.9281915074443868	0.8074148208250265	0.1283014580736299	No data	0.3722968204573568	nucleophosmin 1
ADORA1	0.5884560406536402	0.15458685414451157	No data	0.9270953394443195	No data	0.10005527710691263	No data	No data	adenosine A1 receptor
ADORA3	0.5717688420358297	No data	No data	0.9265476977022109	No data	0.27937262530129214	No data	No data	adenosine A3 receptor
PTGS2	0.5917588205441424	No data	No data	0.9173618213552991	No data	0.9540069422262111	No data	0.37512707605957085	prostaglandin-endoperoxide synthase 2
PDE5A	0.5600860811687577	No data	No data	0.9136093511549346	No data	0.15379446588554796	No data	No data	phosphodiesterase 5A
KCNK9	0.6126220478091451	No data	No data	0.9111350096967448	0.7599134970145264	0.07166490885844992	No data	No data	potassium two pore domain channel subfamily K member 9
KCNK3	0.5657556345551831	No data	No data	0.9111350096967448	No data	0.3898009913272558	No data	No data	potassium two pore domain channel subfamily K member 3
PTGS1	0.5541646911585452	No data	No data	0.9070979608446317	No data	0.08921753334581893	No data	No data	prostaglandin-endoperoxide synthase 1
SERPINC1	0.6321009020647093	0.19317445249352005	No data	0.9044113352054289	0.8857573582633415	0.2530522776917485	No data	No data	serpin family C member 1
CHRNA1	0.6008721302939795	0.1268894802963182	No data	0.8967813274142284	0.6162818599599754	0.03789097565780432	No data	No data	cholinergic receptor nicotinic alpha 1 subunit
CHRNB1	0.5451809876581402	No data	No data	0.8967813274142284	No data	No data	No data	No data	cholinergic receptor nicotinic beta 1 subunit
CHRNG	0.5920130779930204	No data	No data	0.8967813274142284	0.6162818599599754	No data	No data	No data	cholinergic receptor nicotinic gamma subunit
CHRND	0.5920130779930204	No data	No data	0.8967813274142284	0.6162818599599754	No data	No data	No data	cholinergic receptor nicotinic delta subunit
CHRNE	0.5924237222760034	No data	No data	0.8967813274142284	0.6162818599599754	0.030396539880581056	No data	No data	cholinergic receptor nicotinic epsilon subunit
VDR	0.5720955842767546	No data	No data	0.8937837941963809	No data	0.734989847230566	No data	0.473422886331117	vitamin D receptor
CDK6	0.6845151217178684	No data	0.6757741859284179	0.887600960785734	0.6740939732804057	0.4892848844953395	No data	0.47217647311162597	cyclin dependent kinase 6
CDK4	0.711703375948843	No data	0.6501651010790284	0.887600960785734	0.772590963292394	0.6591957126326559	No data	No data	cyclin dependent kinase 4
TOP2B	0.5691444011058834	0.22948020770068606	No data	0.8772418961338523	No data	0.07143186871936547	No data	No data	DNA topoisomerase II beta
CTLA4	0.560062247788926	No data	No data	0.8686103637318134	No data	0.8754261177724707	No data	0.3995190327912421	cytotoxic T-lymphocyte associated protein 4
GLRA1	0.5651973730844734	No data	No data	0.8651182650386231	0.4990554628793312	0.0992953636098981	No data	No data	glycine receptor alpha 1
KCNK10	0.5836788891877966	No data	No data	0.8651182650386231	0.7599134970145264	No data	No data	No data	potassium two pore domain channel subfamily K member 10
KCNK18	0.5836788891877966	No data	No data	0.8651182650386231	0.7599134970145264	No data	No data	No data	potassium two pore domain channel subfamily K member 18
KCNK2	0.5841716623273763	No data	No data	0.8651182650386231	0.7599134970145264	0.03647584785669727	No data	No data	potassium two pore domain channel subfamily K member 2
TOP1	0.6008513327533767	No data	0.4522105644785015	0.8618136649226944	No data	0.6069830324217133	No data	No data	DNA topoisomerase I
SCN4A	0.5391116610649219	No data	No data	0.8617270864397011	No data	No data	No data	0.5014131918295429	sodium voltage-gated channel alpha subunit 4
KIF5B	0.7049280245169981	No data	0.9328253833342713	0.8600756291788045	No data	0.5268952048532395	No data	No data	kinesin family member 5B
CCDC6	0.6921612773770043	No data	0.9104147097302248	0.8600756291788045	No data	0.590360683839219	No data	No data	coiled-coil domain containing 6
ELANE	0.5900258411024826	No data	No data	0.854058335811326	0.8221258128494564	0.6175639666729646	No data	No data	elastase, neutrophil expressed
PPAT	0.5244062367293532	No data	No data	0.8445161657862292	No data	0.3618454768284169	No data	No data	phosphoribosyl pyrophosphate amidotransferase
NTRK1	0.6856332706951066	No data	0.8528254627990682	0.8432754906890627	0.7295169571339454	0.3693848293792711	No data	No data	neurotrophic receptor tyrosine kinase 1
NTRK2	0.5361158521723948	No data	No data	0.8420348155918961	No data	0.7967010458427272	No data	No data	neurotrophic receptor tyrosine kinase 2
ROS1	0.7470225145065125	0.21631367581623906	0.8407614387498846	0.8420348155918961	0.9360722249447112	0.9758440674999301	No data	No data	ROS proto-oncogene 1, receptor tyrosine kinase
NTRK3	0.6509315757369913	No data	0.8543467566151245	0.8420348155918961	No data	0.2644899444303551	No data	No data	neurotrophic receptor tyrosine kinase 3
GUCY1B2	0.5061188097800027	No data	No data	0.8325270109170199	No data	No data	No data	No data	guanylate cyclase 1 soluble subunit beta 2 (pseudogene)
GUCY1B1	0.5061188097800027	No data	No data	0.8325270109170199	No data	No data	No data	No data	guanylate cyclase 1 soluble subunit beta 1
CSF3R	0.6132953239277427	No data	0.6819775614142507	0.8319667124240836	No data	0.04734767695398508	No data	0.2597080367396845	colony stimulating factor 3 receptor
PTGIR	0.4975451101535481	No data	No data	0.8150887501555445	No data	0.0667035180712751	No data	No data	prostaglandin I2 receptor
SLC12A1	0.5109490894456419	No data	No data	0.8147961384655754	No data	No data	No data	0.51352631446607	solute carrier family 12 member 1
FDPS	0.48969667129503547	No data	No data	0.8023222034057005	No data	0.06383273374922022	No data	No data	farnesyl diphosphate synthase
CUL4A	0.509114213232114	No data	No data	0.7949247838272685	No data	0.85058876636399	No data	No data	cullin 4A
RBX1	0.4901507415609129	No data	No data	0.7949247838272685	No data	0.22671934748595388	No data	No data	ring-box 1
CRBN	0.48704745138387495	No data	No data	0.7949247838272685	No data	0.12462581351038231	No data	No data	cereblon
DDB1	0.4909318896482173	No data	No data	0.7949247838272685	No data	0.25241793325832523	No data	No data	damage specific DNA binding protein 1
NDUFA2	0.48101713811067204	No data	No data	0.7912366670687602	No data	No data	No data	No data	NADH:ubiquinone oxidoreductase subunit A2
NDUFA7	0.4819410877473838	No data	No data	0.7912366670687602	No data	0.030396539880581056	No data	No data	NADH:ubiquinone oxidoreductase subunit A7
NDUFA4	0.5280564407263749	No data	No data	0.7912366670687602	0.607930797611621	0.062312906755191154	No data	No data	NDUFA4 mitochondrial complex associated
NDUFS5	0.48101713811067204	No data	No data	0.7912366670687602	No data	No data	No data	No data	NADH:ubiquinone oxidoreductase subunit S5
NDUFS8	0.48545209636688846	No data	No data	0.7912366670687602	No data	0.14590339142678904	No data	No data	NADH:ubiquinone oxidoreductase core subunit S8
NDUFA12	0.48286503738409553	No data	No data	0.7912366670687602	No data	0.06079307976116211	No data	No data	NADH:ubiquinone oxidoreductase subunit A12
NDUFB4	0.4826802474567532	No data	No data	0.7912366670687602	No data	0.0547137717850459	No data	No data	NADH:ubiquinone oxidoreductase subunit B4
NDUFAF3	0.48101713811067204	No data	No data	0.7912366670687602	No data	No data	No data	No data	NADH:ubiquinone oxidoreductase complex assembly factor 3
NDUFV3	0.48101713811067204	No data	No data	0.7912366670687602	No data	No data	No data	No data	NADH:ubiquinone oxidoreductase subunit V3
NDUFA10	0.48101713811067204	No data	No data	0.7912366670687602	No data	No data	No data	No data	NADH:ubiquinone oxidoreductase subunit A10
NDUFC1	0.48101713811067204	No data	No data	0.7912366670687602	No data	No data	No data	No data	NADH:ubiquinone oxidoreductase subunit C1
NDUFA6	0.4819410877473838	No data	No data	0.7912366670687602	No data	0.030396539880581056	No data	No data	NADH:ubiquinone oxidoreductase subunit A6
NDUFB11	0.4819410877473838	No data	No data	0.7912366670687602	No data	0.030396539880581056	No data	No data	NADH:ubiquinone oxidoreductase subunit B11
MT-ND4L	0.48203348271105495	No data	No data	0.7912366670687602	No data	0.03343619386863916	No data	No data	mitochondrially encoded NADH:ubiquinone oxidoreductase core subunit 4L
NDUFB10	0.4817562978200414	No data	No data	0.7912366670687602	No data	0.024317231904464845	No data	No data	NADH:ubiquinone oxidoreductase subunit B10
NDUFS6	0.4819410877473838	No data	No data	0.7912366670687602	No data	0.030396539880581056	No data	No data	NADH:ubiquinone oxidoreductase subunit S6
NDUFB6	0.4819410877473838	No data	No data	0.7912366670687602	No data	0.030396539880581056	No data	No data	NADH:ubiquinone oxidoreductase subunit B6
NDUFA5	0.48101713811067204	No data	No data	0.7912366670687602	No data	No data	No data	No data	NADH:ubiquinone oxidoreductase subunit A5
NDUFA9	0.48101713811067204	No data	No data	0.7912366670687602	No data	No data	No data	No data	NADH:ubiquinone oxidoreductase subunit A9
NDUFA4L2	0.50127925098269	No data	No data	0.7912366670687602	No data	0.6665927421878224	No data	No data	NDUFA4 mitochondrial complex associated like 2
NDUFA13	0.4886195497131425	No data	No data	0.7912366670687602	No data	0.25010779622740104	No data	No data	NADH:ubiquinone oxidoreductase subunit A13
NDUFS2	0.4819410877473838	No data	No data	0.7912366670687602	No data	0.030396539880581056	No data	No data	NADH:ubiquinone oxidoreductase core subunit S2
NDUFB5	0.48101713811067204	No data	No data	0.7912366670687602	No data	No data	No data	No data	NADH:ubiquinone oxidoreductase subunit B5
NDUFB2	0.4848977265848614	No data	No data	0.7912366670687602	No data	0.12766546749844043	No data	No data	NADH:ubiquinone oxidoreductase subunit B2
MT-ND4	0.4819410877473838	No data	No data	0.7912366670687602	No data	0.030396539880581056	No data	No data	mitochondrially encoded NADH:ubiquinone oxidoreductase core subunit 4
NDUFA8	0.48869637704735286	0.0505270597696336	No data	0.7912366670687602	No data	No data	No data	No data	NADH:ubiquinone oxidoreductase subunit A8
NDUFA3	0.48101713811067204	No data	No data	0.7912366670687602	No data	No data	No data	No data	NADH:ubiquinone oxidoreductase subunit A3
NDUFB9	0.48101713811067204	No data	No data	0.7912366670687602	No data	No data	No data	No data	NADH:ubiquinone oxidoreductase subunit B9
NDUFAF2	0.48101713811067204	No data	No data	0.7912366670687602	No data	No data	No data	No data	NADH:ubiquinone oxidoreductase complex assembly factor 2
NDUFB8	0.4831601879624896	No data	No data	0.7912366670687602	No data	0.07050308555634772	No data	No data	NADH:ubiquinone oxidoreductase subunit B8
NDUFC2	0.48101713811067204	No data	No data	0.7912366670687602	No data	No data	No data	No data	NADH:ubiquinone oxidoreductase subunit C2
NDUFB3	0.48101713811067204	No data	No data	0.7912366670687602	No data	No data	No data	No data	NADH:ubiquinone oxidoreductase subunit B3
GPD2	0.49278944290060644	0.07745818988729852	No data	0.7912366670687602	No data	No data	No data	No data	glycerol-3-phosphate dehydrogenase 2
NDUFAB1	0.4850554311274069	No data	No data	0.7912366670687602	No data	0.1328537074482854	No data	No data	NADH:ubiquinone oxidoreductase subunit AB1
NDUFB1	0.48101713811067204	No data	No data	0.7912366670687602	No data	No data	No data	No data	NADH:ubiquinone oxidoreductase subunit B1
NDUFS3	0.4819410877473838	No data	No data	0.7912366670687602	No data	0.030396539880581056	No data	No data	NADH:ubiquinone oxidoreductase core subunit S3
NDUFV1	0.4819410877473838	No data	No data	0.7912366670687602	No data	0.030396539880581056	No data	No data	NADH:ubiquinone oxidoreductase core subunit V1
MT-ND2	0.48212074462118887	No data	No data	0.7912366670687602	No data	0.03630697819069404	No data	No data	mitochondrially encoded NADH:ubiquinone oxidoreductase core subunit 2
NDUFS1	0.48570104946344694	No data	No data	0.7912366670687602	No data	0.15409357022794562	No data	No data	NADH:ubiquinone oxidoreductase core subunit S1
NDUFAF4	0.48101713811067204	No data	No data	0.7912366670687602	No data	No data	No data	No data	NADH:ubiquinone oxidoreductase complex assembly factor 4
NDUFV2	0.4819410877473838	No data	No data	0.7912366670687602	No data	0.030396539880581056	No data	No data	NADH:ubiquinone oxidoreductase core subunit V2
MT-ND1	0.48101713811067204	No data	No data	0.7912366670687602	No data	No data	No data	No data	mitochondrially encoded NADH:ubiquinone oxidoreductase core subunit 1
NDUFA11	0.48101713811067204	No data	No data	0.7912366670687602	No data	No data	No data	No data	NADH:ubiquinone oxidoreductase subunit A11
NDUFB7	0.48101713811067204	No data	No data	0.7912366670687602	No data	No data	No data	No data	NADH:ubiquinone oxidoreductase subunit B7
NDUFS7	0.4819410877473838	No data	No data	0.7912366670687602	No data	0.030396539880581056	No data	No data	NADH:ubiquinone oxidoreductase core subunit S7
NDUFA1	0.48101713811067204	No data	No data	0.7912366670687602	No data	No data	No data	No data	NADH:ubiquinone oxidoreductase subunit A1
MT-ND5	0.4819410877473838	No data	No data	0.7912366670687602	No data	0.030396539880581056	No data	No data	mitochondrially encoded NADH:ubiquinone oxidoreductase core subunit 5
MT-ND6	0.48310824146069226	No data	No data	0.7912366670687602	No data	0.06879412453639505	No data	No data	mitochondrially encoded NADH:ubiquinone oxidoreductase core subunit 6
NDUFS4	0.4813867179653567	No data	No data	0.7912366670687602	No data	0.012158615952232422	No data	No data	NADH:ubiquinone oxidoreductase subunit S4
NDUFAF1	0.48101713811067204	No data	No data	0.7912366670687602	No data	No data	No data	No data	NADH:ubiquinone oxidoreductase complex assembly factor 1
MT-ND3	0.4829112348659311	No data	No data	0.7912366670687602	No data	0.062312906755191154	No data	No data	mitochondrially encoded NADH:ubiquinone oxidoreductase core subunit 3
GRIN2C	0.5415685072886365	No data	No data	0.7905037200630539	0.8026828116014426	No data	No data	No data	glutamate ionotropic receptor NMDA type subunit 2C
GRIN1	0.5502653769627583	No data	No data	0.7905037200630539	0.8026828116014426	0.1641413153551377	No data	0.5514265706265601	glutamate ionotropic receptor NMDA type subunit 1
GRIN3B	0.48168029661694006	No data	No data	0.7905037200630539	No data	0.03647584785669726	No data	No data	glutamate ionotropic receptor NMDA type subunit 3B
GRIN2A	0.6574060157008776	No data	0.8387097201734968	0.7905037200630539	0.8026828116014426	0.03630697819069404	No data	No data	glutamate ionotropic receptor NMDA type subunit 2A
GRIN2B	0.5472875691939925	No data	No data	0.7905037200630539	0.8026828116014426	0.42333401556904404	No data	No data	glutamate ionotropic receptor NMDA type subunit 2B
GRIN3A	0.480571557052886	No data	No data	0.7905037200630539	No data	No data	No data	No data	glutamate ionotropic receptor NMDA type subunit 3A
GRIN2D	0.5415685072886365	No data	No data	0.7905037200630539	0.8026828116014426	No data	No data	No data	glutamate ionotropic receptor NMDA type subunit 2D
ADRA1A	0.532320987241174	No data	No data	0.7863894201991496	0.7098525922470418	0.02279740491043579	No data	No data	adrenoceptor alpha 1A
ADRA1B	0.5320130040289368	No data	No data	0.7863894201991496	0.7098525922470418	No data	No data	No data	adrenoceptor alpha 1B
ADRA1D	0.5333230610144697	No data	No data	0.7863894201991496	0.7098525922470418	0.096972491903002	No data	No data	adrenoceptor alpha 1D
AGTR1	0.5277252575624641	No data	No data	0.7858856516458228	0.607930797611621	0.27859389872830054	No data	No data	angiotensin II receptor type 1
CYSLTR1	0.4757485332836688	No data	No data	0.7740647750255968	No data	0.17010874328498934	No data	No data	cysteinyl leukotriene receptor 1
MC2R	0.4707420737975643	No data	No data	0.7734230702947845	No data	0.01823792392834863	No data	No data	melanocortin 2 receptor
SLC6A3	0.4771588959608388	0.039343201728810166	No data	0.7733217484951826	No data	0.0779671247936904	No data	No data	solute carrier family 6 member 3
SCN3A	0.46608126118570725	No data	No data	0.7666682836546554	No data	No data	No data	No data	sodium voltage-gated channel alpha subunit 3
SCN2A	0.47819819337422204	No data	No data	0.7666682836546554	No data	0.012158615952232422	No data	0.3932248381651368	sodium voltage-gated channel alpha subunit 2
SCN10A	0.46608126118570725	No data	No data	0.7666682836546554	No data	No data	No data	No data	sodium voltage-gated channel alpha subunit 10
SCN9A	0.4703422057843238	No data	No data	0.7666682836546554	No data	0.14017860635968818	No data	No data	sodium voltage-gated channel alpha subunit 9
SCN11A	0.4664508410403919	No data	No data	0.7666682836546554	No data	0.012158615952232422	No data	No data	sodium voltage-gated channel alpha subunit 11
SCN8A	0.46608126118570725	No data	No data	0.7666682836546554	No data	No data	No data	No data	sodium voltage-gated channel alpha subunit 8
SCN7A	0.4680369545834138	No data	No data	0.7666682836546554	No data	0.06433934274722988	No data	No data	sodium voltage-gated channel alpha subunit 7
SCN1A	0.46608126118570725	No data	No data	0.7666682836546554	No data	No data	No data	No data	sodium voltage-gated channel alpha subunit 1
SCN5A	0.5260165427273674	0.3710870592388783	No data	0.7666682836546554	No data	No data	No data	0.26177500145156407	sodium voltage-gated channel alpha subunit 5
IMPDH2	0.46729266182050716	No data	No data	0.7654017611596313	No data	0.06518369107724604	No data	No data	inosine monophosphate dehydrogenase 2
IMPDH1	0.46683068700215125	No data	No data	0.7654017611596313	No data	0.04998542113695551	No data	No data	inosine monophosphate dehydrogenase 1
MAP2K2	0.6101742434840753	No data	0.6673307026282566	0.7594160458091093	0.9093900549960192	0.1493005017662873	No data	No data	mitogen-activated protein kinase kinase 2
MAP2K1	0.6951273455413539	No data	0.7671758409251473	0.7594160458091093	0.9494915097603319	0.4397616797258383	No data	No data	mitogen-activated protein kinase kinase 1
KRAS	0.8121935011035523	0.5982039048498351	0.8997955615716656	0.7541910322112686	0.9279734533244876	0.9651957126289044	No data	0.7779953998268844	KRAS proto-oncogene, GTPase
ADRB3	0.5034498909371604	No data	No data	0.7402908418249512	0.607930797611621	0.5334592749041974	No data	No data	adrenoceptor beta 3
ATP4A	0.45765516559228675	No data	No data	0.7340595511494321	No data	0.048381159309924836	No data	0.35346616400133685	ATPase H+/K+ transporting subunit alpha
MTNR1B	0.4446866940422929	No data	No data	0.727828260473913	No data	0.07295169571339452	No data	No data	melatonin receptor 1B
ACE	0.4848858278373479	No data	No data	0.727828260473913	0.3377438285120692	0.9561105203050754	No data	0.25624283119329827	angiotensin I converting enzyme
MTNR1A	0.4435779544782387	No data	No data	0.727828260473913	No data	0.03647584785669726	No data	No data	melatonin receptor 1A
CHRM2	0.4766823961639268	No data	No data	0.6810414984446442	0.8052120724080466	0.10860021995019936	No data	No data	cholinergic receptor muscarinic 2
TIGIT	0.4210702492418952	No data	No data	0.6730718975483388	No data	0.3911337856899197	No data	No data	T cell immunoreceptor with Ig and ITIM domains
TLR9	0.46628432883030807	No data	No data	0.6726437403615754	0.607930797611621	0.8265251001347915	No data	No data	toll like receptor 9
CFTR	0.7436653051856504	0.8956838625831562	No data	0.668793493031013	0.607930797611621	0.9083061386737571	No data	0.5568219609924574	CF transmembrane conductance regulator
TLR7	0.42091740597076927	No data	No data	0.6678775353077884	No data	0.34394072226528627	No data	0.32861699264896177	toll like receptor 7
FLT3	0.5288918429578189	No data	0.6940504501635887	0.6647326670156866	No data	0.17233355038611048	No data	0.34196107365653683	fms related receptor tyrosine kinase 3
TUBA3C	0.46142854009614004	No data	No data	0.6532078971506966	0.8464561088573174	No data	No data	No data	tubulin alpha 3c
TUBA1B	0.45688705160014054	No data	No data	0.6532078971506966	0.7599134970145264	0.15063402391820582	No data	No data	tubulin alpha 1b
TUBA3E	0.4548520502155174	No data	No data	0.6532078971506966	0.7599134970145264	No data	No data	No data	tubulin alpha 3e
TUBA1A	0.45526269449850043	No data	No data	0.6532078971506966	0.7599134970145264	0.030396539880581056	No data	No data	tubulin alpha 1a
TUBA1C	0.46306493587517744	No data	No data	0.6532078971506966	0.7599134970145264	0.607930797611621	No data	No data	tubulin alpha 1c
TUBA4A	0.45508588932110494	No data	No data	0.6532078971506966	0.7599134970145264	0.01730914076533088	No data	No data	tubulin alpha 4a
TRPV1	0.4159684285810418	No data	No data	0.6518369107724603	No data	0.6479913694067626	No data	No data	transient receptor potential cation channel subfamily V member 1
PARP1	0.42311310566961635	No data	No data	0.6500908380672671	No data	0.91796184937488	No data	No data	poly(ADP-ribose) polymerase 1
PARP2	0.3957646114882679	No data	No data	0.6500908380672671	No data	0.01823792392834863	No data	No data	poly(ADP-ribose) polymerase 2
ERBB3	0.5659056294442691	No data	0.6947014216651883	0.6500659993584498	0.8115762530327828	0.6287808064532767	No data	No data	erb-b2 receptor tyrosine kinase 3
IL5	0.4044073486377917	No data	No data	0.6411529941722195	No data	0.2776348648981381	No data	0.3579344553637822	interleukin 5
EPHB4	0.42652828652266045	No data	No data	0.6400540089712785	0.4431327976318074	0.27724657674325587	No data	No data	EPH receptor B4
PPIA	0.4187287751869528	No data	No data	0.639904750384156	No data	0.8624793198587256	No data	0.25867455438374476	peptidylprolyl isomerase A
FAAH	0.3987281297471141	No data	No data	0.6383273374922022	No data	0.3510031855630142	No data	No data	fatty acid amide hydrolase
IGHE	0.4138424816208528	No data	No data	0.6383273374922022	No data	0.8482424086166409	No data	No data	immunoglobulin heavy constant epsilon
SRC	0.6334976689660275	No data	0.8193134020311618	0.6291054010525303	0.9725533564967203	0.9148054147411512	No data	No data	SRC proto-oncogene, non-receptor tyrosine kinase
EPHA2	0.5046728823700817	No data	0.5319394479101685	0.6289530235642872	0.7295169571339454	0.8744288316816801	No data	No data	EPH receptor A2
PARP3	0.38507476059946005	No data	No data	0.6279473640866263	No data	0.1094275435700918	No data	No data	poly(ADP-ribose) polymerase family member 3
TEK	0.43911375481060977	No data	No data	0.6279096220072065	0.6980099705873231	0.32165617785317646	No data	No data	TEK receptor tyrosine kinase
EPHB6	0.41990072057277733	No data	No data	0.6272290867817809	0.4431327976318074	0.36378515215433044	No data	No data	EPH receptor B6
EPHA5	0.4693259974982856	No data	0.42555155832813474	0.6272290867817809	0.607930797611621	0.3691775153195227	No data	No data	EPH receptor A5
EPHA4	0.43045233435632724	No data	No data	0.6272290867817809	0.607930797611621	0.21784355784082424	No data	No data	EPH receptor A4
EPHB3	0.4184792527327693	No data	No data	0.6272290867817809	0.4431327976318074	0.25856585243853664	No data	No data	EPH receptor B3
EPHA10	0.4275093608480445	No data	No data	0.6272290867817809	0.607930797611621	No data	No data	No data	EPH receptor A10
EPHB1	0.4179085568820408	No data	No data	0.6272290867817809	0.4431327976318074	0.2163220421501352	No data	No data	EPH receptor B1
EPHB2	0.4161682564207952	No data	No data	0.6272290867817809	0.4431327976318074	0.08750224709497124	No data	No data	EPH receptor B2
EPHA7	0.4959978968081452	No data	0.45685193391750156	0.6272290867817809	0.607930797611621	0.6498944463747118	No data	No data	EPH receptor A7
EPHA6	0.4275093608480445	No data	No data	0.6272290867817809	0.607930797611621	No data	No data	No data	EPH receptor A6
EPHA8	0.4275093608480445	No data	No data	0.6272290867817809	0.607930797611621	No data	No data	No data	EPH receptor A8
EPHA3	0.4799692504130442	No data	0.46767960984412654	0.6272290867817809	0.607930797611621	0.647943947954171	No data	0.4363436978300356	EPH receptor A3
PTK6	0.5026263159927884	No data	0.5699351227608948	0.6272290867817809	0.8897742701710087	0.6109881970035697	No data	No data	protein tyrosine kinase 6
EPHA1	0.4380713771721412	No data	No data	0.6272290867817809	0.6905065020947477	0.31732883037395426	No data	No data	EPH receptor A1
IL1B	0.40456605666353956	No data	No data	0.6198003630709226	No data	0.9136016037010342	No data	No data	interleukin 1 beta
CSF1R	0.44517716636185783	No data	0.4491088767355851	0.6109491612544924	No data	0.4075314544707263	No data	No data	colony stimulating factor 1 receptor
IGF1R	0.44528187157037713	No data	No data	0.6086852093225459	0.607930797611621	0.948611971394833	No data	0.26834065406576957	insulin like growth factor 1 receptor
HCN4	0.4594199219321707	0.4962377338098073	No data	0.607930797611621	0.4269717960239939	No data	No data	No data	hyperpolarization activated cyclic nucleotide gated potassium channel 4
GLP1R	0.39114349793977016	No data	No data	0.607930797611621	No data	0.7094111152053986	No data	No data	glucagon like peptide 1 receptor
NR3C2	0.3882451677813656	No data	No data	0.607930797611621	No data	0.6140604545778657	No data	No data	nuclear receptor subfamily 3 group C member 2
ACHE	0.38623343146170963	No data	No data	0.607930797611621	No data	0.25929772354900804	No data	0.43263395212031014	acetylcholinesterase (Cartwright blood group)
IFNGR2	0.369123513430119	No data	No data	0.6032436304841171	No data	0.07873040830244489	No data	No data	interferon gamma receptor 2
IFNGR1	0.37765847350006065	No data	No data	0.6032436304841171	No data	0.3595176328836946	No data	No data	interferon gamma receptor 1
BTK	0.6391840386814085	No data	0.711232960123047	0.6026672045627014	0.8250460318210356	0.5171376481750103	No data	0.5378792526551993	Bruton tyrosine kinase
TACSTD2	0.38785796110350595	No data	No data	0.6007772300860857	No data	0.7443932934230709	No data	No data	tumor associated calcium signal transducer 2
P2RY12	0.3689733470171296	No data	No data	0.5975442792565082	No data	0.18777718591929946	No data	No data	purinergic receptor P2Y12
MUC1	0.46655188899526256	No data	0.44302956875946886	0.5963036041593416	0.865457038266544	0.9840390196457823	No data	No data	mucin 1, cell surface associated
TNF	0.3974139719582911	No data	No data	0.5933742324021427	No data	0.9814685258015554	No data	0.5070666736618078	tumor necrosis factor
BRAF	0.8181727865326124	0.8229328546304183	0.875490627763196	0.5931011858921753	0.9620275304391674	0.9444045291386629	No data	No data	B-Raf proto-oncogene, serine/threonine kinase
RAF1	0.5600896144251242	No data	0.640252451684639	0.5922266774861366	0.9116435504530196	0.36167491679328956	No data	No data	Raf-1 proto-oncogene, serine/threonine kinase
IL5RA	0.3743828847827538	No data	No data	0.5916855357421105	No data	0.08663629975340498	No data	0.4444126113240353	interleukin 5 receptor subunit alpha
CHRNB2	0.4101011636786991	No data	No data	0.5907736395456931	0.6162818599599754	No data	No data	0.3049380880819891	cholinergic receptor nicotinic beta 2 subunit
CHRNA4	0.4965201503456026	0.6296815027033009	No data	0.5907736395456931	0.6162818599599754	0.41001210438429403	No data	No data	cholinergic receptor nicotinic alpha 4 subunit
AR	0.5322348717037034	No data	0.7008427633961629	0.5868220893612175	0.3943571973391563	0.4823144628755271	No data	No data	androgen receptor
EDNRA	0.43542122011462997	0.5291194564173411	No data	0.5748524178873244	No data	0.26455541214404554	No data	0.25788424434684964	endothelin receptor type A
HDAC3	0.43662197952114223	No data	No data	0.5739739233673711	0.6986183759481862	0.6974657248223344	No data	No data	histone deacetylase 3
HDAC1	0.4162553488594196	No data	No data	0.5739739233673711	0.7599134970145264	0.7085398868908299	No data	No data	histone deacetylase 1
HDAC2	0.40728480487439483	No data	No data	0.5739739233673711	0.607930797611621	0.8994287047960317	No data	No data	histone deacetylase 2
HDAC6	0.3730161202473279	No data	No data	0.5735381383360534	No data	0.8009011039956991	No data	No data	histone deacetylase 6
EDNRB	0.3753015157514963	No data	No data	0.5726618509188897	No data	0.6755944560155632	No data	0.49054148475111925	endothelin receptor type B
DLL3	0.3751779661760897	No data	No data	0.5705458201873881	No data	0.9318689149119302	No data	No data	delta like canonical Notch ligand 3
RARG	0.35081002069143846	No data	No data	0.5698140735500097	No data	0.14483544788815586	No data	No data	retinoic acid receptor gamma
RARA	0.5873490645000313	No data	0.8193134020311618	0.5698140735500097	No data	0.1969961151422469	No data	No data	retinoic acid receptor alpha
RARB	0.4140479574694935	0.3518327884697397	No data	0.5698140735500097	No data	0.7751416552311634	No data	0.48638474463497255	retinoic acid receptor beta
IL6R	0.41905101487714064	No data	No data	0.5670285924449139	0.8416136745369379	0.7684559040379914	No data	No data	interleukin 6 receptor
TGFB1	0.41262491034474946	No data	No data	0.5653404476232655	0.687830219605494	0.9868692957357198	No data	0.43895934077828597	transforming growth factor beta 1
TGFB3	0.46762627140137397	0.607930797611621	No data	0.5653404476232655	No data	0.46865990951886244	No data	0.6338497390013745	transforming growth factor beta 3
TGFB2	0.56072011254565	0.6673672846999157	No data	0.5653404476232655	0.687830219605494	0.2564861985738501	No data	0.29970988322252917	transforming growth factor beta 2
RXRB	0.3456047127341511	No data	No data	0.5638548287544158	No data	0.09277361710885346	No data	No data	retinoid X receptor beta
RXRG	0.34522969184271685	No data	No data	0.5638548287544158	No data	0.0804359993106576	No data	No data	retinoid X receptor gamma
RXRA	0.35173155390063504	No data	No data	0.5638548287544158	No data	0.07476999594954686	No data	0.2611062775741913	retinoid X receptor alpha
BCL2	0.5374925773774343	No data	0.6673307026282566	0.5631239306694464	0.7836660558054726	0.9444400562926941	No data	0.253142384125479	BCL2 apoptosis regulator
IDO1	0.35708330468977273	No data	No data	0.5608409742986638	No data	0.5306789494620285	No data	No data	indoleamine 2,3-dioxygenase 1
SLC6A2	0.3394741814199265	No data	No data	0.5584092511082173	No data	No data	No data	No data	solute carrier family 6 member 2
CCN2	0.3646211808124462	No data	No data	0.5554798793510184	No data	0.8858855253646007	No data	No data	cellular communication network factor 2
MMP9	0.41105206482543843	No data	No data	0.5554798793510184	0.7479085082402136	0.9848219623381872	No data	0.4236847041704691	matrix metallopeptidase 9
MMP12	0.4011080026790226	0.34656700420038933	No data	0.5530481561605719	No data	0.9046034919692827	No data	No data	matrix metallopeptidase 12
IL33	0.46305143059195986	0.524238634978324	No data	0.5530481561605719	No data	0.9588929178064552	No data	0.4813826390266923	interleukin 33
BCL2L2	0.38978630635745276	No data	No data	0.5501632515007985	0.728044998191575	No data	No data	No data	BCL2 like 2
BCL2L2-PABPN1	0.336089862648919	No data	No data	0.5501632515007985	No data	0.053581044218660674	No data	No data	BCL2L2-PABPN1 readthrough
BCL2L1	0.43474939886085084	No data	No data	0.5501632515007985	0.6786431072203621	0.7250937695616065	No data	0.2589785197825506	BCL2 like 1
MCL1	0.4032672137047021	No data	No data	0.5478548969830155	0.728044998191575	0.9241052777958764	No data	0.3158200493592372	MCL1 apoptosis regulator, BCL2 family member
BCL2A1	0.33774586292717784	No data	No data	0.5478548969830155	No data	0.15422802882428469	No data	No data	BCL2 related protein A1
BCL2L10	0.3341666040623712	No data	No data	0.5478548969830155	No data	0.03647584785669726	No data	No data	BCL2 like 10
CYP3A7	0.32956770236154553	No data	No data	0.5421138452868629	No data	No data	No data	No data	cytochrome P450 family 3 subfamily A member 7
CYP3A4	0.3353599209052358	No data	No data	0.5421138452868629	No data	0.19055519366500923	No data	No data	cytochrome P450 family 3 subfamily A member 4
CYP3A43	0.32956770236154553	No data	No data	0.5421138452868629	No data	No data	No data	No data	cytochrome P450 family 3 subfamily A member 43
CYP3A5	0.3445510764298835	No data	No data	0.5421138452868629	No data	0.4929302521669633	No data	No data	cytochrome P450 family 3 subfamily A member 5
ABCB1	0.3693359472203752	No data	0	0.5386942345502975	0.4421959693888569	0.6102385933297262	No data	No data	ATP binding cassette subfamily B member 1
IL4R	0.3502539510749811	0.10129671859721312	No data	0.5386942345502975	No data	0.1333853944662707	No data	0.47049399085530264	interleukin 4 receptor
EPOR	0.34823519865699953	No data	No data	0.5319394479101685	No data	0.8176202260364096	No data	No data	erythropoietin receptor
MMP2	0.39414467164451117	No data	No data	0.5319394479101685	0.7890029113603847	0.799795997889532	No data	No data	matrix metallopeptidase 2
MMP3	0.39962225569818177	0.15994796872801784	No data	0.5319394479101685	0.8221258128494564	0.38968760195332125	No data	No data	matrix metallopeptidase 3
FKBP1A	0.30958079906623054	No data	No data	0.4961420776530772	No data	No data	No data	0.2618965876110863	FKBP prolyl isomerase 1A
HDAC8	0.30511771617949107	No data	No data	0.494871759024592	No data	0.14047431112160091	No data	No data	histone deacetylase 8
HDAC11	0.31466083024812685	No data	No data	0.494871759024592	No data	0.4544282712146867	No data	No data	histone deacetylase 11
HDAC10	0.31930741684562264	No data	No data	0.4938577688504181	No data	0.6275737171611167	No data	No data	histone deacetylase 10
HDAC7	0.3779616433182579	0.47383524511138486	No data	0.4938577688504181	No data	0.42307304986562744	No data	No data	histone deacetylase 7
HDAC4	0.32469819658696136	0.06695345416545226	No data	0.4938577688504181	No data	0.6561367301776212	No data	No data	histone deacetylase 4
HDAC5	0.3109838599344438	No data	No data	0.4938577688504181	No data	0.3537413354532104	No data	No data	histone deacetylase 5
HDAC9	0.3239220330086639	No data	No data	0.4938577688504181	No data	0.7793875808827992	No data	No data	histone deacetylase 9
ATR	0.6213735407851809	No data	0.846033149566494	0.49263173019499795	0.9426649026733476	0.044074982826842524	No data	No data	ATR serine/threonine kinase
CXCR2	0.32036959207949306	0.052836600615132075	No data	0.4925874923967521	No data	0.4310573968843895	No data	0.42934511405309755	C-X-C motif chemokine receptor 2
MS4A1	0.31711759372225695	No data	No data	0.49229019673915086	No data	0.5868833042289703	No data	No data	membrane spanning 4-domains A1
IFNAR2	0.34901314641578113	No data	No data	0.49225507639940985	0.607930797611621	No data	No data	0.2634164146051154	interferon alpha and beta receptor subunit 2
IFNAR1	0.3017988390596564	No data	No data	0.49225507639940985	No data	0.08362194663536354	No data	No data	interferon alpha and beta receptor subunit 1
NT5E	0.3210020151300617	No data	No data	0.4874882131285116	No data	0.810714541635212	No data	No data	5'-nucleotidase ecto
FNTB	0.29400077440168026	No data	No data	0.48360894950004457	No data	No data	No data	No data	farnesyltransferase, CAAX box, beta
CXCR1	0.30458334411979804	No data	No data	0.48360894950004457	No data	0.34815047237920854	No data	No data	C-X-C motif chemokine receptor 1
FNTA	0.29400077440168026	No data	No data	0.48360894950004457	No data	No data	No data	No data	farnesyltransferase, CAAX box, alpha
KLRC1	0.31212753110480085	No data	No data	0.4819202528400123	No data	0.4167627222013313	No data	0.44488882378216443	killer cell lectin like receptor C1
HBA2	0.29860011863244373	0.045663201608024	No data	0.4794885296495658	No data	0.012158615952232422	No data	No data	hemoglobin subunit alpha 2
HBA1	0.3003284112449361	0.058115607922169236	No data	0.4794885296495658	No data	No data	No data	No data	hemoglobin subunit alpha 1
HBB	0.34490432469417703	No data	No data	0.4794885296495658	0.698518708277544	0.02421253271154284	No data	No data	hemoglobin subunit beta
CEACAM5	0.3183364619734482	No data	No data	0.4770568064591193	No data	0.9316500242448558	No data	No data	CEA cell adhesion molecule 5
PRKCA	0.36764687816991526	No data	No data	0.4756889621644932	0.8784224273452741	0.8666744597571229	No data	No data	protein kinase C alpha
PLG	0.34665055240034404	No data	No data	0.4732572389740467	0.6523732495347553	0.6934473576452249	No data	No data	plasminogen
PGF	0.35762928122488746	No data	No data	0.4732572389740467	0.7599134970145264	0.9011963526063552	No data	No data	placental growth factor
ALOX5	0.2924716884927645	No data	No data	0.4732572389740467	No data	0.15672960628134586	No data	No data	arachidonate 5-lipoxygenase
IL2RA	0.30401333532898955	No data	No data	0.4702108301993484	No data	0.29060623392968066	No data	0.4682021086352735	interleukin 2 receptor subunit alpha
AURKB	0.3513484520879351	No data	No data	0.4665024523339175	0.7226501316808093	0.7930279177002508	No data	0.27879706378468944	aurora kinase B
TACR1	0.3309611864393591	No data	No data	0.4627028848488449	0.607930797611621	0.25703038048502047	No data	No data	tachykinin receptor 1
IL1R1	0.2890114412000228	No data	No data	0.4559480982087158	No data	0.16988587918849066	No data	0.3135707054080742	interleukin 1 receptor type 1
TNFSF11	0.30213321095049417	No data	No data	0.4559480982087158	No data	0.8207618378599124	No data	No data	TNF superfamily member 11
CLU	0.35231435702026825	0.26364277814048076	No data	0.44074982826842524	0.8363004371036041	0.3959472043547345	No data	No data	clusterin
TRHR	0.25870589827929125	No data	No data	0.42555155832813474	No data	No data	No data	No data	thyrotropin releasing hormone receptor
CSF2	0.28890494612218415	No data	No data	0.42555155832813474	No data	0.8439788548178229	No data	0.3364289033982711	colony stimulating factor 2
CACNA2D1	0.31328607855721574	No data	No data	0.42555155832813474	0.6919244675302607	0.14803621530840982	No data	No data	calcium voltage-gated channel auxiliary subunit alpha2delta 1
GSR	0.3156947190684389	No data	No data	0.42555155832813474	0.706465560594355	0.24453395036664682	No data	No data	glutathione-disulfide reductase
LY96	0.3509049315683666	No data	No data	0.42555155832813474	0.9286217215327399	0.2930947551757499	No data	No data	lymphocyte antigen 96
TLR4	0.3764741437657752	No data	No data	0.42555155832813474	0.864212681995929	0.9724063181122475	No data	No data	toll like receptor 4
C5	0.2644298884299155	No data	No data	0.28961147719553615	0.7103584885575049	0.332323825857682	No data	No data	complement C5
HSP90AB1	0.35210553538568456	No data	0.432728519133272	0.28439589315130614	0.8613927476587668	0.5747770375925508	No data	No data	heat shock protein 90 alpha family class B member 1
HSP90AA1	0.3840680561065068	0.1613929498489474	0.4293089083967066	0.28439589315130614	0.9554891170099999	0.6255500204003953	No data	No data	heat shock protein 90 alpha family class A member 1
ENPP2	0.17846826239585106	No data	No data	0.2794792972353424	No data	0.28174885514207115	No data	No data	ectonucleotide pyrophosphatase/phosphodiesterase 2
VKORC1	0.13230958797712325	No data	No data	0.21277577916406737	No data	0.09726892761785938	No data	No data	vitamin K epoxide reductase complex subunit 1
ABL1	0.5062154303120425	No data	0.6893009908072479	0.19657477672500182	0.88557365698827	0.691204715472198	No data	0.27581820287639247	ABL proto-oncogene 1, non-receptor tyrosine kinase
BCR	0.35890526506805903	No data	0.42485981894644825	0.19643973338869644	0.7599134970145264	0.11805835445025988	No data	No data	BCR activator of RhoGEF and GTPase
LCK	0.48849503614842954	No data	0.6612513946521403	0.1953858506122165	0.8897742701710087	0.2414868639395977	No data	0.5938103383145962	LCK proto-oncogene, Src family tyrosine kinase
MAPK14	0.29954528790682283	No data	No data	0.19310877846792995	0.8487259125592387	0.9040096038282331	No data	No data	mitogen-activated protein kinase 14
PSMB5	0.31449993743255694	No data	No data	0.19284655114411234	0.9360722249447112	0.04863446380892969	No data	No data	proteasome 20S subunit beta 5
ITK	0.31932286138702537	No data	0.4522105644785015	0.19252493556026146	0.3302061065143262	0.12624553490729304	No data	0.4452250770611101	IL2 inducible T cell kinase
PIK3CD	0.4549696024228022	0.607930797611621	No data	0.19109382257211396	0.865457038266544	0.5136236727500136	No data	0.5548708002396779	phosphatidylinositol-4,5-bisphosphate 3-kinase catalytic subunit delta
MTOR	0.5218327485132513	No data	0.7032174930743333	0.19037629266682238	0.9555134312633644	0.930911982417163	No data	0.3661567194014793	mechanistic target of rapamycin kinase
CHRM5	0.2446309812911053	No data	No data	0.1898923700446075	0.7098525922470418	No data	No data	No data	cholinergic receptor muscarinic 5
CHRM4	0.21406092662072873	No data	No data	0.1898923700446075	0.607930797611621	0.030396539880581056	No data	No data	cholinergic receptor muscarinic 4
CSF2RA	0.6516158454491279	0.7326731151084594	No data	0.18968705470369585	0.5478449758156595	0.21649285127723958	No data	0.405194640943811	colony stimulating factor 2 receptor subunit alpha
PPARG	0.4406187914855492	No data	0.6612513946521403	0.18910669446379902	No data	0.7315373778348685	No data	No data	peroxisome proliferator activated receptor gamma
PRKCB	0.31534656517175247	No data	0.38144280156809157	0.18910669446379902	0.32413472696825507	0.3462366282983285	No data	0.4008391714052223	protein kinase C beta
LYN	0.3558921132518812	No data	0.4491088767355851	0.1883292822900286	0.8441468109726608	0.42155377571871927	No data	0.519229454749889	LYN proto-oncogene, Src family tyrosine kinase
FRK	0.1178521612120499	No data	No data	0.1883292822900286	No data	0.11057148047287652	No data	No data	fyn related Src family tyrosine kinase
HCK	0.2238886147387649	No data	No data	0.1883292822900286	0.607930797611621	0.33913982534784864	No data	0.5846761571911709	HCK proto-oncogene, Src family tyrosine kinase
SRMS	0.21337868886222677	No data	No data	0.18810536746743298	0.607930797611621	No data	No data	No data	src-related kinase lacking C-terminal regulatory tyrosine and N-terminal myristylation sites
BLK	0.13193694391405789	0.10200826603690753	No data	0.18810536746743298	No data	0.15384691712598947	No data	No data	BLK proto-oncogene, Src family tyrosine kinase
YES1	0.26878192381072763	No data	No data	0.18810536746743298	0.7599134970145264	0.6814244182209386	No data	No data	YES proto-oncogene 1, Src family tyrosine kinase
FGR	0.14115215491145872	No data	No data	0.18810536746743298	0.34023278629473686	0.06975499293595343	No data	No data	FGR proto-oncogene, Src family tyrosine kinase
FYN	0.32486620994168003	No data	No data	0.18810536746743298	0.9551653582634493	0.43970518154266414	No data	No data	FYN proto-oncogene, Src family tyrosine kinase
DNMT1	0.20514039854896135	No data	No data	0.18740627074362762	0.2768620200558916	0.6177055916018365	No data	No data	DNA methyltransferase 1
DNMT3A	0.524384421511542	No data	0.6672853835240128	0.18740627074362762	No data	0.6114325499454065	No data	No data	DNA methyltransferase 3 alpha
JAK1	0.60413146340078	No data	0.833960260817156	0.1871937855315492	0.8219776559465656	0.7906797616497239	No data	0.260255174457535	Janus kinase 1
AKT2	0.6136401965065866	No data	0.7473158199306855	0.18551402126877084	0.9580964074361958	0.3743073223501629	No data	No data	AKT serine/threonine kinase 2
AKT1	0.6712027200746589	No data	0.8242075206575125	0.18551402126877084	0.9748510079228659	0.9791325613344763	No data	No data	AKT serine/threonine kinase 1
AKT3	0.3796995919966649	No data	0.4588070358067526	0.18551402126877084	0.9757236552144521	0.11205931823837627	No data	No data	AKT serine/threonine kinase 3
FGF1	0.3296884989480489	No data	No data	0.18551402126877084	0.9779019396789099	0.31423821041492395	No data	No data	fibroblast growth factor 1
PIK3CA	0.7732791571258814	0.6295461148600343	0.8733340981681985	0.1838922709310885	0.9344173500585706	0.9436899750814273	No data	No data	phosphatidylinositol-4,5-bisphosphate 3-kinase catalytic subunit alpha
PIK3CB	0.49947859546697027	No data	0.6819775614142507	0.1838394991604625	0.914014638646899	0.3958688256966777	No data	No data	phosphatidylinositol-4,5-bisphosphate 3-kinase catalytic subunit beta
PIK3R1	0.549188781193238	0.607930797611621	0.6819775614142507	0.18371311238832938	0.9830235157315611	0.41488694665014386	No data	No data	phosphoinositide-3-kinase regulatory subunit 1
PIK3R5	0.11302458591918252	No data	No data	0.18371311238832938	No data	0.044074982826842524	No data	No data	phosphoinositide-3-kinase regulatory subunit 5
PIK3R3	0.30369272137196457	No data	No data	0.18371311238832938	0.8897742701710087	0.39312239147910055	No data	No data	phosphoinositide-3-kinase regulatory subunit 3
PIK3CG	0.1388564732922818	No data	No data	0.18371311238832938	No data	0.7425435884631457	No data	0.34056283282203015	phosphatidylinositol-4,5-bisphosphate 3-kinase catalytic subunit gamma
PIK3R2	0.31436460743728295	No data	No data	0.18371311238832938	0.9246979360539787	0.39728980937399855	No data	No data	phosphoinositide-3-kinase regulatory subunit 2
RRM2B	0.21774467364704433	No data	No data	0.18352281432270104	0.607930797611621	0.2223175990591128	No data	0.24967717857909277	ribonucleotide reductase regulatory TP53 inducible subunit M2B
DPYD	0.3064680902539922	0.45280977785506804	No data	0.1825729224514329	No data	0.25486780172436535	No data	No data	dihydropyrimidine dehydrogenase
TXNRD1	0.26777641927438284	No data	No data	0.18183411766266877	0.7599134970145264	0.6775469410201321	No data	No data	thioredoxin reductase 1
IL13	0.13991695180275007	No data	No data	0.18183411766266877	No data	0.7918291877133884	No data	0.3927232952571072	interleukin 13
WEE1	0.2853578448615698	No data	No data	0.1808842257914006	0.8274613634158176	0.4698111840863491	No data	No data	WEE1 G2 checkpoint kinase
MAPK11	0.280256743972949	No data	No data	0.1808842257914006	0.8274613634158176	0.09221962121477142	No data	No data	mitogen-activated protein kinase 11
JAK2	0.5243846410371769	No data	0.6978031094081049	0.177885885945459	0.8515977154907974	0.7849414272594317	No data	0.43651119965174423	Janus kinase 2
CHEK1	0.3271615323572277	No data	No data	0.17560282698714963	0.9499297875084689	0.8680625026510542	No data	No data	checkpoint kinase 1
PLK1	0.27512028240472214	No data	No data	0.17552313084375526	0.7599134970145264	0.9522507806926895	No data	0.4384092946976206	polo like kinase 1
ITGB3	0.3146469527262182	No data	No data	0.17552313084375526	0.9392682018244662	0.18249576715699933	No data	No data	integrin subunit beta 3
ESR1	0.518695984199673	No data	0.5817569207348571	0.17465293511588148	0.8580287112735645	0.8996567952591328	No data	No data	estrogen receptor 1
CDK2	0.11797265689951468	No data	No data	0.17465293511588148	No data	0.3880625490811841	No data	No data	cyclin dependent kinase 2
ESR2	0.1370015587904901	No data	No data	0.17465293511588148	No data	0.9084696373904063	No data	No data	estrogen receptor 2
SMO	0.4717635514514845	No data	0.6799959275784986	0.17341226001871488	0.607930797611621	0.06079307976116211	No data	No data	smoothened, frizzled class receptor
RRM2	0.131469866988445	No data	No data	0.17341226001871488	No data	0.8569137652497815	No data	No data	ribonucleotide reductase regulatory subunit M2
ITGAV	0.3581257892241702	No data	0.44302956875946886	0.1717235633586826	0.7284072313331932	0.17069328519457666	No data	No data	integrin subunit alpha V
INSR	0.2601296564058471	No data	No data	0.16929184016823612	0.7599134970145264	0.25262207039818085	No data	No data	insulin receptor
LAG3	0.12595072019085152	No data	No data	0.16929184016823612	No data	0.6394878098418579	No data	0.26609131011460657	lymphocyte activating 3
TNFRSF10B	0.26763603743373454	No data	No data	0.16929184016823612	0.7599134970145264	0.8082562767618002	No data	No data	TNF receptor superfamily member 10b
HGF	0.33266224976705255	No data	No data	0.16929184016823612	0.9618023087006666	0.949855639537367	No data	No data	hepatocyte growth factor
TNFRSF10A	0.2592066744183716	No data	No data	0.1654922726831635	0.7599134970145264	0.22704661680220387	No data	No data	TNF receptor superfamily member 10a
ITGA2B	0.309069941761152	No data	No data	0.1654922726831635	0.9285669064556789	0.12330288716070568	No data	No data	integrin subunit alpha 2b
PTGDR2	0.1098559543588435	No data	No data	0.1654922726831635	No data	0.11717756060886159	No data	0.2521696948493004	prostaglandin D2 receptor 2
PDE10A	0.11041966917859608	No data	No data	0.1654922726831635	No data	0.32279397215302535	No data	No data	phosphodiesterase 10A
FOLR1	0.15010292152332588	No data	No data	0.1654922726831635	0.3951550184475537	0.35807988289001536	No data	No data	folate receptor alpha
KIF11	0.10792764925194552	No data	No data	0.1654922726831635	No data	0.24081030110227528	No data	No data	kinesin family member 11
LTB4R	0.11999842967077427	No data	No data	0.1654922726831635	No data	0.39773850693104845	No data	0.4611479756986517	leukotriene B4 receptor
MSLN	0.1104843764815652	No data	No data	0.1649687767185535	No data	0.3353926634443846	No data	No data	mesothelin
AURKA	0.30618676718617693	No data	No data	0.1649687767185535	0.8897742701710087	0.6084984895376949	No data	0.32019715110204083	aurora kinase A
CDK9	0.21040433465411554	No data	No data	0.16253705352810702	0.607930797611621	0.06747712489931607	No data	No data	cyclin dependent kinase 9
CDK7	0.26462213336897134	No data	No data	0.16253705352810702	0.7599134970145264	0.6611536765479356	No data	No data	cyclin dependent kinase 7
TP53	0.7971640552314752	No data	0.9225658246935473	0.16253705352810702	0.9332798154066371	0.9837757292529088	No data	0.6195025721675907	tumor protein p53
PTK2B	0.12078737309075317	No data	No data	0.16253705352810702	No data	0.7229800689258001	No data	No data	protein tyrosine kinase 2 beta
CDK5	0.22296277356826055	No data	No data	0.16253705352810702	0.607930797611621	0.8946352168954087	No data	No data	cyclin dependent kinase 5
PTK2	0.30179735022370935	No data	No data	0.16253705352810702	0.8627688949039468	0.9397920928577922	No data	No data	protein tyrosine kinase 2
CDK1	0.32825894092329844	No data	No data	0.16253705352810702	0.9701865655502149	0.6405068673957485	No data	No data	cyclin dependent kinase 1
HRH1	0.2441484561239277	No data	No data	0.16063726978557072	0.7098525922470418	0.030396539880581056	No data	0.2763045475144818	histamine receptor H1
APH1B	0.09650140650100547	No data	No data	0.1587374860430344	No data	No data	No data	No data	aph-1 homolog B, gamma-secretase subunit
SSTR1	0.09898015334013285	No data	No data	0.1587374860430344	No data	0.08154700662857169	No data	No data	somatostatin receptor 1
PSENEN	0.20891527896760226	No data	No data	0.1587374860430344	0.607930797611621	No data	No data	No data	presenilin enhancer, gamma-secretase subunit
SSTR2	0.11015449657091418	No data	No data	0.1587374860430344	No data	0.44916592887044504	No data	No data	somatostatin receptor 2
NCSTN	0.20891527896760226	No data	No data	0.1587374860430344	0.607930797611621	No data	No data	No data	nicastrin
APH1A	0.09650140650100547	No data	No data	0.1587374860430344	No data	No data	No data	No data	aph-1 homolog A, gamma-secretase subunit
SSTR5	0.10120841659469813	No data	No data	0.1587374860430344	No data	0.15485348372496016	No data	No data	somatostatin receptor 5
PSEN1	0.099055100635806	No data	No data	0.1587374860430344	No data	0.08401265883660597	No data	No data	presenilin 1
PSEN2	0.2188009241538605	No data	No data	0.1587374860430344	0.607930797611621	0.06746343156828963	No data	0.6938029255090199	presenilin 2
STAT3	0.6027015823298244	No data	0.8193134020311618	0.1587374860430344	0.8274710893481124	0.9766805147702161	No data	No data	signal transducer and activator of transcription 3
SLC6A4	0.10948214151701577	0.07042290169345576	No data	0.1587374860430344	No data	0.16859691047250652	No data	No data	solute carrier family 6 member 4
SSTR3	0.09650140650100547	No data	No data	0.1587374860430344	No data	No data	No data	No data	somatostatin receptor 3
MST1R	0.11333939990199932	No data	No data	0.1587374860430344	No data	0.5539444116713717	No data	No data	macrophage stimulating 1 receptor
CD14	0.3083427885916938	No data	No data	0.15198269940290526	0.9384095979165352	No data	No data	No data	CD14 molecule
GSTP1	0.12353740581798447	No data	No data	0.15198269940290526	No data	0.8260698857072565	No data	No data	glutathione S-transferase pi 1
PDE6C	0.09239496367117545	No data	No data	0.15198269940290526	No data	No data	No data	No data	phosphodiesterase 6C
PDE6D	0.09509879962194165	No data	No data	0.15198269940290526	No data	0.08895209656720039	No data	No data	phosphodiesterase 6D
HSPB1	0.12995823787118468	No data	No data	0.15198269940290526	No data	0.8788787915763598	No data	No data	heat shock protein family B (small) member 1
SELE	0.11549065324581582	No data	No data	0.15198269940290526	No data	0.759813112458736	No data	No data	selectin E
PDE8B	0.09239496367117545	No data	No data	0.15198269940290526	No data	No data	No data	No data	phosphodiesterase 8B
P2RX3	0.09239496367117545	No data	No data	0.15198269940290526	No data	No data	No data	No data	purinergic receptor P2X 3
PDE9A	0.09387328308991426	No data	No data	0.15198269940290526	No data	0.04863446380892969	No data	No data	phosphodiesterase 9A
PDE6H	0.09239496367117545	No data	No data	0.15198269940290526	No data	No data	No data	No data	phosphodiesterase 6H
PDE6G	0.09350370323522955	No data	No data	0.15198269940290526	No data	0.03647584785669726	No data	No data	phosphodiesterase 6G
PDE7B	0.09239496367117545	No data	No data	0.15198269940290526	No data	No data	No data	No data	phosphodiesterase 7B
HPSE	0.10168851614741854	No data	No data	0.15198269940290526	No data	0.30574376270308085	No data	No data	heparanase
PDE8A	0.09239496367117545	No data	No data	0.15198269940290526	No data	No data	No data	No data	phosphodiesterase 8A
PDE7A	0.09700875393627212	No data	No data	0.15198269940290526	No data	0.15178669293356678	No data	No data	phosphodiesterase 7A
SELL	0.1138135919082004	No data	No data	0.15198269940290526	No data	0.7046403413405719	No data	No data	selectin L
UBA3	0.09239496367117545	No data	No data	0.15198269940290526	No data	No data	No data	No data	ubiquitin like modifier activating enzyme 3
PGR	0.2126702721099701	No data	No data	0.15198269940290526	0.607930797611621	0.35394188629279666	No data	No data	progesterone receptor
CCR2	0.29462835509958746	No data	No data	0.15198269940290526	0.848852035710237	0.7766869839108376	No data	0.3595150754375724	C-C motif chemokine receptor 2
FGF2	0.1329353692514724	No data	No data	0.15198269940290526	No data	0.903364566865126	No data	No data	fibroblast growth factor 2
SELP	0.10318578206387975	No data	No data	0.15198269940290526	No data	0.18445458668933587	No data	0.273021721207379	selectin P
PDE6A	0.09239496367117545	No data	No data	0.15198269940290526	No data	No data	No data	No data	phosphodiesterase 6A
PDE6B	0.09731988661462553	No data	No data	0.15198269940290526	No data	0.16202248554600723	No data	No data	phosphodiesterase 6B
PDE1B	0.20788866826014474	No data	No data	0.15198269940290526	0.607930797611621	No data	No data	No data	phosphodiesterase 1B
PDE1A	0.20840197361387347	No data	No data	0.15198269940290526	0.607930797611621	0.037995674850726316	No data	No data	phosphodiesterase 1A
NAE1	0.09609076221802247	No data	No data	0.15198269940290526	No data	0.12158615952232422	No data	No data	NEDD8 activating enzyme E1 subunit 1
PDE2A	0.10252619662137243	No data	No data	0.15198269940290526	No data	0.3333021781426299	No data	No data	phosphodiesterase 2A
PDE1C	0.20788866826014474	No data	No data	0.15198269940290526	0.607930797611621	No data	No data	No data	phosphodiesterase 1C
AXL	0.13777885003764984	No data	No data	0.15061485510827913	No data	0.9449101627971211	No data	No data	AXL receptor tyrosine kinase
IL2RB	0.11020479018766559	No data	No data	0.14914737771071104	No data	0.3019253498509001	No data	0.508433634750849	interleukin 2 receptor subunit beta
ALDH5A1	0.0895717842256673	No data	No data	0.1473387835878165	No data	No data	No data	No data	aldehyde dehydrogenase 5 family member A1
CYP19A1	0.18357188518144038	No data	No data	0.1473387835878165	0.5127794823780331	0.3931818684687651	No data	No data	cytochrome P450 family 19 subfamily A member 1
XPO1	0.43860239342451207	No data	0.6757741859284179	0.1473387835878165	No data	0.3986437913000711	No data	No data	exportin 1
ITGB1	0.3203769274370114	No data	No data	0.14353921610274387	0.9306923802547044	0.9140145300701192	No data	No data	integrin subunit beta 1
CDK11B	0.08763148998857262	No data	No data	0.14353921610274387	No data	0.012158615952232422	No data	No data	cyclin dependent kinase 11B
CDK17	0.08726191013388793	No data	No data	0.14353921610274387	No data	No data	No data	No data	cyclin dependent kinase 17
ITGA5	0.25642502078167717	No data	No data	0.14353921610274387	0.7599134970145264	0.26811609775711226	No data	No data	integrin subunit alpha 5
PRKCI	0.09699188288628163	No data	No data	0.14353921610274387	No data	0.3201013270135312	No data	No data	protein kinase C iota
CDK18	0.08726191013388793	No data	No data	0.14353921610274387	No data	No data	No data	No data	cyclin dependent kinase 18
CDK20	0.09063817609803879	No data	No data	0.14353921610274387	No data	0.11107402281362326	No data	No data	cyclin dependent kinase 20
PRKCE	0.28539187771233376	No data	No data	0.14353921610274387	0.8274613634158176	0.7953696929839069	No data	No data	protein kinase C epsilon
CDK8	0.09163667449130099	No data	No data	0.14353921610274387	No data	0.14392310357034754	No data	No data	cyclin dependent kinase 8
PRKD3	0.08726191013388793	No data	No data	0.14353921610274387	No data	No data	No data	No data	protein kinase D3
PDPK1	0.255206571332419	No data	No data	0.14353921610274387	0.7599134970145264	0.17792454070484215	No data	No data	3-phosphoinositide dependent protein kinase 1
CDK10	0.08726191013388793	No data	No data	0.14353921610274387	No data	No data	No data	No data	cyclin dependent kinase 10
CDK3	0.09053679829067736	No data	No data	0.14353921610274387	No data	0.1077388469100595	No data	No data	cyclin dependent kinase 3
PRKCG	0.23238980054159936	No data	No data	0.14353921610274387	0.6889644793536849	0.08534394495137775	No data	No data	protein kinase C gamma
CDK15	0.08763148998857262	No data	No data	0.14353921610274387	No data	0.012158615952232422	No data	No data	cyclin dependent kinase 15
PRKCQ	0.0956162627490356	No data	No data	0.14353921610274387	No data	No data	No data	0.27484551360021386	protein kinase C theta
CDK19	0.08726191013388793	No data	No data	0.14353921610274387	No data	No data	No data	No data	cyclin dependent kinase 19
TUBB8B	0.08726191013388793	No data	No data	0.14353921610274387	No data	No data	No data	No data	tubulin beta 8B
PRKCD	0.29327108240215227	0.10850758294590558	No data	0.14353921610274387	0.8274613634158176	0.8526773306382867	No data	0.41419845068273775	protein kinase C delta
PRKD1	0.2931754705474475	No data	0.44302956875946886	0.14353921610274387	No data	0.15016565441513044	No data	No data	protein kinase D1
PRKCZ	0.0898811998028752	No data	No data	0.14353921610274387	No data	0.08617065229390199	No data	No data	protein kinase C zeta
CHEK2	0.6134364345138388	0.42555155832813474	0.6919265694816267	0.14353921610274387	0.9729913772431035	0.6651455179103771	No data	No data	checkpoint kinase 2
PRKCH	0.10436262666282593	No data	No data	0.14353921610274387	No data	0.14894304541484715	No data	0.49639069451982887	protein kinase C eta
CDK12	0.5118179568458725	No data	0.6306923607970275	0.14353921610274387	0.7599134970145264	0.01654922726831635	No data	0.2819583039322699	cyclin dependent kinase 12
CDK13	0.2528028867114106	No data	No data	0.14353921610274387	0.7599134970145264	No data	No data	No data	cyclin dependent kinase 13
CDK14	0.10534320819290664	No data	No data	0.14353921610274387	No data	0.5948472467608072	No data	No data	cyclin dependent kinase 14
CDK16	0.09618187391830932	No data	No data	0.14353921610274387	No data	0.2934532620971096	No data	No data	cyclin dependent kinase 16
NCAM1	0.2525194759827721	No data	No data	0.1401618227826793	0.71581743627482	0.8378621880488468	No data	No data	neural cell adhesion molecule 1
FCGR3A	0.08635869489078096	No data	No data	0.13678442946261474	No data	0.10538132298306303	No data	No data	Fc gamma receptor IIIa
TPBG	0.08634504411105762	No data	No data	0.13678442946261474	No data	0.10493223306108586	No data	No data	trophoblast glycoprotein
DLL4	0.10184963383216686	No data	No data	0.13678442946261474	No data	0.6150096886537997	No data	No data	delta like canonical Notch ligand 4
IL4	0.12602590697508928	No data	No data	0.13678442946261474	No data	0.8180682479800155	No data	0.4271980713455995	interleukin 4
LGALS3	0.13469865072864776	No data	No data	0.13678442946261474	No data	0.8899837381144083	No data	0.4219288818182006	galectin 3
ITGB6	0.11926953394444582	No data	No data	0.13678442946261474	No data	0.11215125101312354	No data	0.7975048472239412	integrin subunit beta 6
PCSK9	0.12820963024403603	No data	No data	0.13678442946261474	0.34706576634320174	0.14247521366782853	No data	No data	proprotein convertase subtilisin/kexin type 9
ITGB5	0.2569596858488306	No data	No data	0.13678442946261474	0.6007224318861597	0.03943771840880247	No data	No data	integrin subunit beta 5
TERT	0.858425103804738	0.9308341987213195	0.8193134020311618	0.13678442946261474	No data	0.6874034437574091	No data	No data	telomerase reverse transcriptase
TGFBR1	0.41547373950859745	0.607930797611621	No data	0.13678442946261474	0.38771982374341873	0.8315077887423546	No data	No data	transforming growth factor beta receptor 1
TYMP	0.0831554673040579	No data	No data	0.13678442946261474	No data	No data	No data	No data	thymidine phosphorylase
JAK3	0.5718306322970219	No data	0.8429314618235775	0.12158615952232422	0.607930797611621	0.12382366687117871	No data	0.5755996091802362	Janus kinase 3
CHRNB4	0.3719353210266832	0.5198220501541576	No data	0.12158615952232422	0.6162818599599754	0.11508039655218738	No data	No data	cholinergic receptor nicotinic beta 4 subunit
IKBKB	0.5372301958292729	No data	0.8132340940550455	0.12158615952232422	0.3951429184997905	0.27647574473879605	No data	0.42836323826708844	inhibitor of nuclear factor kappa B kinase subunit beta
GPR84	0.07485531973426399	No data	No data	0.12158615952232422	No data	0.03090314887859074	No data	No data	G protein-coupled receptor 84
LPAR1	0.11946506361953094	No data	No data	0.12158615952232422	0.32413472696825507	0.18211747214643728	No data	No data	lysophosphatidic acid receptor 1
SRD5A2	0.07391597093694036	No data	No data	0.12158615952232422	No data	No data	No data	No data	steroid 5 alpha-reductase 2
NTSR1	0.07983418740377118	No data	No data	0.12158615952232422	No data	0.19470033398807032	No data	No data	neurotensin receptor 1
F5	0.2819187309025514	No data	No data	0.12158615952232422	0.8601083648386776	0.14778823819932485	No data	No data	coagulation factor V
CHRNA7	0.17235116054489347	No data	No data	0.12158615952232422	0.5006096087964287	0.1261452446704199	No data	No data	cholinergic receptor nicotinic alpha 7 subunit
TRPV4	0.13916191258406685	No data	No data	0.12158615952232422	0.3867515361915443	0.23123120529454788	No data	No data	transient receptor potential cation channel subfamily V member 4
ALDH2	0.41994081279724343	0.5598270528450264	0.432728519133272	0.12158615952232422	No data	0.6823094420027428	No data	No data	aldehyde dehydrogenase 2 family member
MKNK1	0.29601580589827786	No data	No data	0.12158615952232422	0.8897742701710087	0.5237931752221726	No data	No data	MAPK interacting serine/threonine kinase 1
GHRHR	0.07538084175541147	No data	No data	0.12158615952232422	No data	0.048192025284001225	No data	No data	growth hormone releasing hormone receptor
OPRD1	0.07437794575529624	No data	No data	0.12158615952232422	No data	0.015198269940290528	No data	No data	opioid receptor delta 1
GHSR	0.07644179055714186	No data	No data	0.12158615952232422	No data	0.08309562963826422	No data	No data	growth hormone secretagogue receptor
CSF1	0.11811652065418314	No data	No data	0.12158615952232422	No data	0.8194808382088405	No data	No data	colony stimulating factor 1
TSLP	0.2717240936053744	0.3898234575372273	No data	0.12158615952232422	No data	0.8024637956178511	No data	0.2807424423370466	thymic stromal lymphopoietin
CXCL8	0.13414580194787631	No data	No data	0.12158615952232422	No data	0.951315591084229	No data	No data	C-X-C motif chemokine ligand 8
ADH5	0.07795195376089245	No data	No data	0.12158615952232422	No data	0.13277770561413452	No data	No data	alcohol dehydrogenase 5 (class III), chi polypeptide
AVPR1A	0.085183890366995	No data	No data	0.12158615952232422	No data	0.1876260198062066	No data	0.2873080949512521	arginine vasopressin receptor 1A
F8	0.29203754403897886	No data	No data	0.12158615952232422	0.894000187633776	0.1342327918546156	No data	No data	coagulation factor VIII
CHRNA3	0.506911622308858	0.7379019440163175	No data	0.12158615952232422	0.6162818599599754	0.4307502027759883	No data	No data	cholinergic receptor nicotinic alpha 3 subunit
F10	0.29414582452011534	No data	No data	0.12158615952232422	0.9034909821913684	0.07674817295248473	No data	No data	coagulation factor X
INPP5D	0.0928338366929408	No data	No data	0.12158615952232422	No data	0.14037518395892787	No data	0.5599800828794923	inositol polyphosphate-5-phosphatase D
TNFRSF13C	0.0929357920079075	No data	No data	0.12158615952232422	No data	0.30395852626991354	No data	0.49063055021245877	TNF receptor superfamily member 13C
ROCK1	0.3212737739426995	No data	0.42555155832813474	0.12158615952232422	0.607930797611621	0.8698013919827615	No data	No data	Rho associated coiled-coil containing protein kinase 1
ROCK2	0.2097789205781631	No data	No data	0.12158615952232422	0.607930797611621	0.4818805425253725	No data	No data	Rho associated coiled-coil containing protein kinase 2
MKNK2	0.09613884007355182	No data	No data	0.12158615952232422	No data	0.6387227596004276	No data	No data	MAPK interacting serine/threonine kinase 2
TYK2	0.3164698170485243	0.24902955558954443	No data	0.12158615952232422	0.8864643857812149	0.12557307533996062	No data	No data	tyrosine kinase 2
EGFL7	0.08009299930243802	No data	No data	0.12158615952232422	No data	0.20321485240640397	No data	No data	EGF like domain multiple 7
ICOS	0.2918861152356427	No data	No data	0.12158615952232422	0.865457038266544	0.36161148282971545	No data	0.5618381937893051	inducible T cell costimulator
CCL2	0.13162592742641832	No data	No data	0.12158615952232422	No data	0.9305905798546793	No data	No data	C-C motif chemokine ligand 2
AURKC	0.07428555079162506	No data	No data	0.12158615952232422	No data	0.012158615952232422	No data	No data	aurora kinase C
ROR1	0.09470252520947249	No data	No data	0.12158615952232422	No data	0.26101002186456945	No data	0.5678416136534608	receptor tyrosine kinase like orphan receptor 1
ACVR2B	0.08028835051842304	0.03425239830783502	No data	0.12158615952232422	No data	0.08635414320148618	No data	No data	activin A receptor type 2B
CCR1	0.11237848814009979	No data	No data	0.12158615952232422	No data	0.7244626907282437	No data	0.43042507726765694	C-C motif chemokine receptor 1
EEF2	0.08142557670708214	No data	No data	0.12158615952232422	No data	0.24705462528448252	No data	No data	eukaryotic translation elongation factor 2
PAH	0.07391597093694036	No data	No data	0.12158615952232422	No data	No data	No data	No data	phenylalanine hydroxylase
OPRK1	0.08204611177357933	No data	No data	0.12158615952232422	No data	0.2674692865891929	No data	No data	opioid receptor kappa 1
AVPR2	0.20417005614202088	No data	No data	0.12158615952232422	0.607930797611621	0.0667035180712751	No data	No data	arginine vasopressin receptor 2
TNFSF13B	0.13331104975140637	No data	No data	0.12158615952232422	No data	0.8837196139348619	No data	0.5465741153401731	TNF superfamily member 13b
AGT	0.12798228272466644	No data	No data	0.12158615952232422	0.3377438285120692	0.506370728419349	No data	No data	angiotensinogen
HAVCR2	0.08689760111835289	No data	No data	0.12158615952232422	No data	0.4270759182595608	No data	No data	hepatitis A virus cellular receptor 2
MDM2	0.49864968531968573	No data	0.6673307026282566	0.12158615952232422	0.9729913772431035	0.9427920140657727	No data	0.34202186673629803	MDM2 proto-oncogene
AVPR1B	0.07767721591638779	No data	No data	0.12158615952232422	No data	0.12373924776386536	No data	No data	arginine vasopressin receptor 1B
MAS1	0.0821027806585681	No data	No data	0.12158615952232422	No data	0.2693336068444392	No data	No data	MAS1 proto-oncogene, G protein-coupled receptor
ENG	0.0694522287901458	No data	No data	0.08654570382665439	No data	0.34460365116386715	No data	0.4008015979045366	endoglin
EPHX2	0.3733775387249822	0.5868878761682642	No data	0.08274613634158175	No data	0.29714801554323167	No data	No data	epoxide hydrolase 2
EZH2	0.48382727372065143	No data	0.5820970413436932	0.08274613634158175	0.607930797611621	0.9581297990789324	No data	0.3379791269321807	enhancer of zeste 2 polycomb repressive complex 2 subunit
LOXL2	0.2025748872768918	No data	No data	0.08274613634158175	0.607930797611621	0.38557685428883465	No data	No data	lysyl oxidase like 2
GSK3B	0.30297306247594774	No data	No data	0.07599134970145263	0.7598447068884111	0.842187641712909	No data	No data	glycogen synthase kinase 3 beta
CD40	0.08840828892959086	No data	No data	0.07599134970145263	No data	0.5039717127348852	No data	0.558914266183359	CD40 molecule
HRH2	0.22765649693094067	No data	No data	0.07599134970145263	0.7098525922470418	0.024908275735476142	No data	No data	histamine receptor H2
BRD3	0.5155231294332873	No data	0.8277568853313232	0.06839221473130737	No data	0.14136586350128233	No data	No data	bromodomain containing 3
BRDT	0.04567842746189721	No data	No data	0.06839221473130737	No data	0.13490659877665886	No data	No data	bromodomain testis associated
BRD4	0.579526804191599	No data	0.9009157910175432	0.06839221473130737	No data	0.8952532327939556	No data	No data	bromodomain containing 4
BRD2	0.10135460673386963	No data	No data	0.06839221473130737	No data	0.7481128911236097	No data	No data	bromodomain containing 2
HCRTR2	0.22525910474654168	No data	No data	0.06079307976116211	0.7098611310936803	0.01823792392834863	No data	No data	hypocretin receptor 2
MAPK8	0.3047597070792829	No data	No data	0.06079307976116211	0.9360722249447112	0.5303135536617284	No data	No data	mitogen-activated protein kinase 8
DRD4	0.04153153617019337	No data	No data	0.06079307976116211	No data	0.1504628724088762	No data	No data	dopamine receptor D4
DDR2	0.5534660980320057	No data	0.6850729422541743	0.06079307976116211	0.8274613634158176	0.45333824892965735	No data	No data	discoidin domain receptor tyrosine kinase 2
PTGER1	0.03748412345604215	No data	No data	0.06079307976116211	No data	0.01730914076533088	No data	No data	prostaglandin E receptor 1
PDK2	0.03828426384143453	No data	No data	0.06079307976116211	No data	0.04363254430191407	No data	No data	pyruvate dehydrogenase kinase 2
PDK3	0.03695798546847018	No data	No data	0.06079307976116211	No data	No data	No data	No data	pyruvate dehydrogenase kinase 3
XPNPEP3	0.03695798546847018	No data	No data	0.06079307976116211	No data	No data	No data	No data	X-prolyl aminopeptidase 3
XPNPEP1	0.03695798546847018	No data	No data	0.06079307976116211	No data	No data	No data	No data	X-prolyl aminopeptidase 1
FN1	0.34024338548105837	No data	0.34549281858629965	0.06079307976116211	0.9190679877429972	0.44854953199122255	No data	No data	fibronectin 1
RNPEP	0.03695798546847018	No data	No data	0.06079307976116211	No data	No data	No data	No data	arginyl aminopeptidase
ATP1A4	0.03788193510518194	No data	No data	0.06079307976116211	No data	0.030396539880581056	No data	No data	ATPase Na+/K+ transporting subunit alpha 4
GPNMB	0.25433448722586643	No data	No data	0.06079307976116211	0.7599134970145264	0.6329876786531801	No data	No data	glycoprotein nmb
HCRTR1	0.19402942370946843	No data	No data	0.06079307976116211	0.607930797611621	No data	No data	No data	hypocretin receptor 1
PPP2CB	0.3011898647562013	No data	No data	0.06079307976116211	0.9604723746060233	No data	No data	No data	protein phosphatase 2 catalytic subunit beta
CNR1	0.04335948303792626	No data	No data	0.06079307976116211	No data	0.21059954832377814	No data	No data	cannabinoid receptor 1
F2	0.27974893793987804	No data	No data	0.06079307976116211	0.8817748184870201	0.18360366852273943	No data	No data	coagulation factor II, thrombin
CCR4	0.28549775572345887	No data	0.43880782710938815	0.06079307976116211	No data	0.16473235918614898	No data	0.4400072239121761	C-C motif chemokine receptor 4
ATP1A1	0.403842987046096	No data	0.6490927786999079	0.06079307976116211	No data	No data	No data	No data	ATPase Na+/K+ transporting subunit alpha 1
CYP17A1	0.1922854833960528	No data	No data	0.06079307976116211	0.5977312913667019	0.10039966783596779	No data	No data	cytochrome P450 family 17 subfamily A member 1
SEMA4D	0.11836707508257173	No data	No data	0.06079307976116211	0.33251693436141794	0.19458792339993955	No data	0.3851849533667231	semaphorin 4D
ERAP1	0.04411859515298628	No data	No data	0.06079307976116211	No data	0.23557318407450317	No data	No data	endoplasmic reticulum aminopeptidase 1
CD27	0.051405978029909635	No data	No data	0.06079307976116211	No data	0.28828740405954095	No data	0.31477136873335715	CD27 molecule
IL18	0.11642869979745754	No data	No data	0.06079307976116211	No data	0.8815905021710894	No data	No data	interleukin 18
NPEPL1	0.03695798546847018	No data	No data	0.06079307976116211	No data	No data	No data	No data	aminopeptidase like 1
METAP1	0.16261513606126882	No data	No data	0.06079307976116211	0.25229128100882275	No data	No data	No data	methionyl aminopeptidase 1
GHR	0.042618460256713994	No data	No data	0.06079307976116211	No data	0.18622102418505976	No data	No data	growth hormone receptor
LVRN	0.03741996028682606	No data	No data	0.06079307976116211	No data	0.015198269940290528	No data	No data	laeverin
METAP2	0.1691404735228506	No data	No data	0.06079307976116211	0.2581170818423349	0.22085477107543974	No data	No data	methionyl aminopeptidase 2
SSTR4	0.05674344298901569	No data	No data	0.06079307976116211	No data	No data	No data	0.39070192535504855	somatostatin receptor 4
RNPEPL1	0.03695798546847018	No data	No data	0.06079307976116211	No data	No data	No data	No data	arginyl aminopeptidase like 1
ERAP2	0.03788193510518194	No data	No data	0.06079307976116211	No data	0.030396539880581056	No data	No data	endoplasmic reticulum aminopeptidase 2
TNFRSF9	0.09344783754063918	No data	No data	0.06079307976116211	No data	0.6309456846679187	No data	0.4154134679296309	TNF receptor superfamily member 9
IMPA1	0.03695798546847018	No data	No data	0.06079307976116211	No data	No data	No data	No data	inositol monophosphatase 1
HTR2A	0.2568071120883653	No data	No data	0.06079307976116211	0.8052120724080466	0.20807518862127605	No data	No data	5-hydroxytryptamine receptor 2A
ATP1A3	0.03825151495986664	No data	No data	0.06079307976116211	No data	0.04255515583281348	No data	No data	ATPase Na+/K+ transporting subunit alpha 3
IGF1	0.2503225866834126	No data	No data	0.06079307976116211	0.7003932046320058	0.8887969862780508	No data	0.599653269395493	insulin like growth factor 1
GSK3A	0.23513866220168522	No data	No data	0.06079307976116211	0.6073864278356135	0.033115238113641594	No data	No data	glycogen synthase kinase 3 alpha
TNC	0.319496671242903	No data	0.40745396574202986	0.06079307976116211	No data	0.5593832621422594	No data	No data	tenascin C
ENPEP	0.11984629379593355	0.07712909002432912	No data	0.06079307976116211	0.3377438285120692	0.17832636729940887	No data	No data	glutamyl aminopeptidase
FAP	0.04264608088706405	No data	No data	0.06079307976116211	No data	0.1871297009771736	No data	No data	fibroblast activation protein alpha
NPEPPS	0.22657790037292497	No data	0.35750517141040594	0.06079307976116211	No data	No data	No data	No data	aminopeptidase puromycin sensitive
KDM1A	0.11478737951754639	No data	No data	0.06079307976116211	No data	0.8680912660215193	No data	No data	lysine demethylase 1A
ANGPT2	0.24510424156098035	No data	No data	0.06079307976116211	0.6980099705873231	0.9483618781741265	No data	No data	angiopoietin 2
AOPEP	0.05370743078039518	No data	No data	0.06079307976116211	No data	0.3657318776082648	No data	No data	aminopeptidase O (putative)
ATP1A2	0.03695798546847018	No data	No data	0.06079307976116211	No data	No data	No data	No data	ATPase Na+/K+ transporting subunit alpha 2
DRD3	0.255967197638201	No data	No data	0.06079307976116211	0.8052120724080466	0.14590339142678904	No data	No data	dopamine receptor D3
SIRT1	0.13105038559888949	No data	No data	0.06079307976116211	No data	0.9604866470697524	No data	0.3343163438765707	sirtuin 1
DRD2	0.25668672586655644	No data	No data	0.06079307976116211	0.8052120724080466	0.19916400991033775	No data	No data	dopamine receptor D2
PDK4	0.041488441043062	No data	No data	0.06079307976116211	No data	0.14904510817318767	No data	No data	pyruvate dehydrogenase kinase 4
ANGPT1	0.23107562922216607	No data	No data	0.06079307976116211	0.6980099705873231	0.48684183694810185	No data	No data	angiopoietin 1
SYK	0.562096332694945	No data	0.8193134020311618	0.06079307976116211	0.6549104173374826	0.6729956702319531	No data	0.4833119070299885	spleen associated tyrosine kinase
DNPEP	0.03695798546847018	No data	No data	0.06079307976116211	No data	No data	No data	No data	aspartyl aminopeptidase
SLC34A2	0.7704311203054519	0.7589091688422385	0.8930646439182859	0.06079307976116211	0.7599134970145264	0.7103121399586592	No data	0.3952816706970561	solute carrier family 34 member 2
NR1H3	0.22633677637606064	No data	No data	0.06079307976116211	0.6946972391974214	0.364068088926157	No data	No data	nuclear receptor subfamily 1 group H member 3
PPP2CA	0.3538634595781423	No data	No data	0.06079307976116211	0.8476169807804551	No data	No data	No data	protein phosphatase 2 catalytic subunit alpha
MAPK10	0.24216589898095817	No data	No data	0.06079307976116211	0.7212887249612119	0.6189073259018308	No data	No data	mitogen-activated protein kinase 10
RPS6KB1	0.28139773441036364	No data	No data	0.06079307976116211	0.8274613634158176	0.8478487470841775	No data	No data	ribosomal protein S6 kinase B1
XDH	0.05540460976715507	No data	No data	0.06079307976116211	No data	0.2405331838866071	No data	0.3529646210933072	xanthine dehydrogenase
PPP5C	0.2726729369542506	No data	No data	0.06079307976116211	0.8274613634158176	0.5608161607967205	No data	No data	protein phosphatase 5 catalytic subunit
DPP4	0.12592042910434503	No data	No data	0.06079307976116211	No data	0.8333842773170355	No data	0.6739580448870957	dipeptidyl peptidase 4
ANPEP	0.12998912010073532	No data	No data	0.06079307976116211	0.3377438285120692	0.7639106238492377	No data	No data	alanyl aminopeptidase, membrane
NR1H2	0.22411632845436194	No data	No data	0.06079307976116211	0.6946972391974214	0.2748353814202537	No data	No data	nuclear receptor subfamily 1 group H member 2
CD38	0.06199196676323411	No data	No data	0.06079307976116211	No data	0.3937270324089185	No data	0.3294376992257374	CD38 molecule
LNPEP	0.1336232679316672	No data	No data	0.06079307976116211	0.409203718756202	No data	No data	No data	leucyl and cystinyl aminopeptidase
HTR2C	0.2541603627930758	No data	No data	0.06079307976116211	0.8052120724080466	0.012158615952232422	No data	No data	5-hydroxytryptamine receptor 2C
IGF2	0.2422926150787778	No data	No data	0.06079307976116211	0.7003932046320058	0.8320312963732309	No data	No data	insulin like growth factor 2
METAP1D	0.03695798546847018	No data	No data	0.06079307976116211	No data	No data	No data	No data	methionyl aminopeptidase type 1D, mitochondrial
MAPK9	0.23221302064971355	No data	No data	0.06079307976116211	0.7212887249612119	0.2758569251830126	No data	No data	mitogen-activated protein kinase 9
PTGER2	0.04325182225721362	No data	No data	0.06079307976116211	No data	0.20705767213867265	No data	No data	prostaglandin E receptor 2
PDK1	0.08650085628391813	No data	No data	0.06079307976116211	No data	0.6354453518421621	No data	No data	pyruvate dehydrogenase kinase 1
LAP3	0.037924950093824406	No data	No data	0.06079307976116211	No data	0.031811667681688104	No data	No data	leucine aminopeptidase 3
XPNPEP2	0.038528699850880165	No data	No data	0.06079307976116211	No data	0.051674117796987794	No data	No data	X-prolyl aminopeptidase 2
NOTCH2	0.5934114009850547	No data	0.8521605384891806	0.030396539880581056	0.865457038266544	0.6243409366688295	No data	No data	notch receptor 2
PTGER4	0.18079858981553415	0.27194806497376406	No data	0.030396539880581056	No data	0.11494100824691857	No data	0.4127546150384101	prostaglandin E receptor 4
NOTCH3	0.2912810876534774	No data	No data	0.030396539880581056	0.865457038266544	0.8605871772032982	No data	No data	notch receptor 3
ARAF	0.4667999075952404	No data	0.5551397706742083	0.030396539880581056	0.8704439394780932	0.07670904578196634	No data	No data	A-Raf proto-oncogene, serine/threonine kinase